{
	"Version": 3,
	"FileReferences": {
		"Moc": "hotaru_keyvisual.moc3",
		"Textures": [
			"textures/texture_00.png"
		],
		"Physics": "hotaru_keyvisual.physics3.json",
		"Motions": {
			"": [
				{
					"File": "mtn/M01.motion3.json"
				},
				{
					"File": "mtn/M02_L.motion3.json"
				},
				{
					"File": "mtn/M02_R.motion3.json"
				},
				{
					"File": "mtn/M03.motion3.json"
				},
				{
					"File": "mtn/M04.motion3.json"
				}
			],
			"Idle": [
				{
					"File": "mtn/W01.motion3.json"
				}
			]
		}
	},
	"Groups": [
		{
			"Target": "Parameter",
			"Name": "LipSync",
			"Ids": []
		},
		{
			"Target": "Parameter",
			"Name": "EyeBlink",
			"Ids": []
		}
	],
	"HitAreas": []
}