{
	"Version": 3,
	"Meta": {
		"Duration": 2.95,
		"Fps": 60.0,
		"FadeInTime": 0.5,
		"FadeOutTime": 0.4,
		"Loop": true,
		"AreBeziersRestricted": false,
		"CurveCount": 50,
		"TotalSegmentCount": 288,
		"TotalPointCount": 914,
		"UserDataCount": 0,
		"TotalUserDataSize": 0
	},
	"Curves": [
		{
			"Target": "Parameter",
			"Id": "ParamAngleX",
			"Segments": [
				0,
				0,
				1,
				0.161,
				0,
				0.322,
				0,
				0.483,
				0,
				1,
				0.617,
				0,
				0.75,
				5.782,
				0.883,
				5.782,
				1,
				1.106,
				5.782,
				1.328,
				5.782,
				1.55,
				5.782,
				1,
				1.728,
				5.782,
				1.906,
				0,
				2.083,
				0,
				1,
				2.372,
				0,
				2.661,
				0,
				2.95,
				0
			]
		},
		{
			"Target": "Parameter",
			"Id": "ParamAngleY",
			"Segments": [
				0,
				0,
				1,
				0.072,
				0,
				0.144,
				2.114,
				0.217,
				3.613,
				1,
				0.278,
				4.882,
				0.339,
				4.941,
				0.4,
				4.941,
				1,
				0.494,
				4.941,
				0.589,
				2.211,
				0.683,
				-0.192,
				1,
				0.75,
				-1.889,
				0.817,
				-2,
				0.883,
				-2,
				1,
				1.044,
				-2,
				1.206,
				-2,
				1.367,
				-2,
				1,
				1.428,
				-2,
				1.489,
				-2.265,
				1.55,
				-3.349,
				1,
				1.633,
				-4.828,
				1.717,
				-5.963,
				1.8,
				-5.963,
				1,
				1.856,
				-5.963,
				1.911,
				-4.666,
				1.967,
				-2.334,
				1,
				2.022,
				-0.003,
				2.078,
				1.04,
				2.133,
				1.04,
				1,
				2.217,
				1.04,
				2.3,
				0,
				2.383,
				0,
				1,
				2.572,
				0,
				2.761,
				0,
				2.95,
				0
			]
		},
		{
			"Target": "Parameter",
			"Id": "ParamAngleZ",
			"Segments": [
				0,
				0,
				1,
				0.072,
				0,
				0.144,
				0.641,
				0.217,
				1.431,
				1,
				0.278,
				2.099,
				0.339,
				2.265,
				0.4,
				2.265,
				1,
				0.483,
				2.265,
				0.567,
				-4.364,
				0.65,
				-11.884,
				1,
				0.722,
				-18.402,
				0.794,
				-19.907,
				0.867,
				-19.907,
				1,
				1.072,
				-19.907,
				1.278,
				-19.907,
				1.483,
				-19.907,
				1,
				1.561,
				-19.907,
				1.639,
				-21.423,
				1.717,
				-21.423,
				1,
				1.822,
				-21.423,
				1.928,
				-7.051,
				2.033,
				-3.73,
				1,
				2.156,
				0.114,
				2.278,
				0,
				2.4,
				0,
				1,
				2.583,
				0,
				2.767,
				0,
				2.95,
				0
			]
		},
		{
			"Target": "Parameter",
			"Id": "Param",
			"Segments": [
				0,
				0,
				1,
				0.983,
				0,
				1.967,
				0,
				2.95,
				0
			]
		},
		{
			"Target": "Parameter",
			"Id": "ParamEyeLOpen",
			"Segments": [
				0,
				1,
				1,
				0.567,
				1,
				1.133,
				1,
				1.7,
				1,
				1,
				1.744,
				1,
				1.789,
				0,
				1.833,
				0,
				1,
				1.856,
				0,
				1.878,
				0,
				1.9,
				0,
				1,
				1.956,
				0,
				2.011,
				1,
				2.067,
				1,
				1,
				2.361,
				1,
				2.656,
				1,
				2.95,
				1
			]
		},
		{
			"Target": "Parameter",
			"Id": "ParamEyeLSmile",
			"Segments": [
				0,
				0,
				1,
				0.983,
				0,
				1.967,
				0,
				2.95,
				0
			]
		},
		{
			"Target": "Parameter",
			"Id": "ParamEyeROpen",
			"Segments": [
				0,
				1,
				1,
				0.567,
				1,
				1.133,
				1,
				1.7,
				1,
				1,
				1.744,
				1,
				1.789,
				0,
				1.833,
				0,
				1,
				1.856,
				0,
				1.878,
				0,
				1.9,
				0,
				1,
				1.956,
				0,
				2.011,
				1,
				2.067,
				1,
				1,
				2.361,
				1,
				2.656,
				1,
				2.95,
				1
			]
		},
		{
			"Target": "Parameter",
			"Id": "ParamEyeRSmile",
			"Segments": [
				0,
				0,
				1,
				0.983,
				0,
				1.967,
				0,
				2.95,
				0
			]
		},
		{
			"Target": "Parameter",
			"Id": "ParamEyeBallX",
			"Segments": [
				0,
				0,
				1,
				0.161,
				0,
				0.322,
				0,
				0.483,
				0,
				1,
				0.617,
				0,
				0.75,
				-0.042,
				0.883,
				-0.042,
				1,
				1.144,
				-0.042,
				1.406,
				-0.042,
				1.667,
				-0.042,
				1,
				1.806,
				-0.042,
				1.944,
				0,
				2.083,
				0,
				1,
				2.372,
				0,
				2.661,
				0,
				2.95,
				0
			]
		},
		{
			"Target": "Parameter",
			"Id": "ParamEyeBallY",
			"Segments": [
				0,
				0,
				1,
				0.161,
				0,
				0.322,
				0,
				0.483,
				0,
				1,
				1.306,
				0,
				2.128,
				0,
				2.95,
				0
			]
		},
		{
			"Target": "Parameter",
			"Id": "Param42",
			"Segments": [
				0,
				0,
				1,
				0.983,
				0,
				1.967,
				0,
				2.95,
				0
			]
		},
		{
			"Target": "Parameter",
			"Id": "Param45",
			"Segments": [
				0,
				0,
				1,
				0.983,
				0,
				1.967,
				0,
				2.95,
				0
			]
		},
		{
			"Target": "Parameter",
			"Id": "ParamBrowLY",
			"Segments": [
				0,
				0,
				1,
				0.139,
				0,
				0.278,
				0,
				0.417,
				0,
				1,
				0.561,
				0,
				0.706,
				0.1,
				0.85,
				0.1,
				1,
				1.122,
				0.1,
				1.394,
				0.1,
				1.667,
				0.1,
				1,
				1.772,
				0.1,
				1.878,
				0,
				1.983,
				0,
				1,
				2.306,
				0,
				2.628,
				0,
				2.95,
				0
			]
		},
		{
			"Target": "Parameter",
			"Id": "ParamBrowRY",
			"Segments": [
				0,
				0,
				1,
				0.139,
				0,
				0.278,
				0,
				0.417,
				0,
				1,
				0.561,
				0,
				0.706,
				0.1,
				0.85,
				0.1,
				1,
				1.122,
				0.1,
				1.394,
				0.1,
				1.667,
				0.1,
				1,
				1.772,
				0.1,
				1.878,
				0,
				1.983,
				0,
				1,
				2.306,
				0,
				2.628,
				0,
				2.95,
				0
			]
		},
		{
			"Target": "Parameter",
			"Id": "ParamBrowLX",
			"Segments": [
				0,
				0,
				1,
				0.139,
				0,
				0.278,
				0,
				0.417,
				0,
				1,
				0.561,
				0,
				0.706,
				0.1,
				0.85,
				0.1,
				1,
				1.122,
				0.1,
				1.394,
				0.1,
				1.667,
				0.1,
				1,
				1.772,
				0.1,
				1.878,
				0,
				1.983,
				0,
				1,
				2.306,
				0,
				2.628,
				0,
				2.95,
				0
			]
		},
		{
			"Target": "Parameter",
			"Id": "ParamBrowRX",
			"Segments": [
				0,
				0,
				1,
				0.139,
				0,
				0.278,
				0,
				0.417,
				0,
				1,
				0.561,
				0,
				0.706,
				0.1,
				0.85,
				0.1,
				1,
				1.122,
				0.1,
				1.394,
				0.1,
				1.667,
				0.1,
				1,
				1.772,
				0.1,
				1.878,
				0,
				1.983,
				0,
				1,
				2.306,
				0,
				2.628,
				0,
				2.95,
				0
			]
		},
		{
			"Target": "Parameter",
			"Id": "ParamBrowLAngle",
			"Segments": [
				0,
				0,
				1,
				0.139,
				0,
				0.278,
				0,
				0.417,
				0,
				1,
				0.561,
				0,
				0.706,
				0.1,
				0.85,
				0.1,
				1,
				1.122,
				0.1,
				1.394,
				0.1,
				1.667,
				0.1,
				1,
				1.772,
				0.1,
				1.878,
				0,
				1.983,
				0,
				1,
				2.306,
				0,
				2.628,
				0,
				2.95,
				0
			]
		},
		{
			"Target": "Parameter",
			"Id": "ParamBrowRAngle",
			"Segments": [
				0,
				0,
				1,
				0.139,
				0,
				0.278,
				0,
				0.417,
				0,
				1,
				0.561,
				0,
				0.706,
				0.1,
				0.85,
				0.1,
				1,
				1.122,
				0.1,
				1.394,
				0.1,
				1.667,
				0.1,
				1,
				1.772,
				0.1,
				1.878,
				0,
				1.983,
				0,
				1,
				2.306,
				0,
				2.628,
				0,
				2.95,
				0
			]
		},
		{
			"Target": "Parameter",
			"Id": "ParamBrowLForm",
			"Segments": [
				0,
				0,
				1,
				0.139,
				0,
				0.278,
				0,
				0.417,
				0,
				1,
				0.561,
				0,
				0.706,
				1,
				0.85,
				1,
				1,
				1.122,
				1,
				1.394,
				1,
				1.667,
				1,
				1,
				1.772,
				1,
				1.878,
				0,
				1.983,
				0,
				1,
				2.306,
				0,
				2.628,
				0,
				2.95,
				0
			]
		},
		{
			"Target": "Parameter",
			"Id": "ParamBrowRForm",
			"Segments": [
				0,
				0,
				1,
				0.139,
				0,
				0.278,
				0,
				0.417,
				0,
				1,
				0.561,
				0,
				0.706,
				1,
				0.85,
				1,
				1,
				1.122,
				1,
				1.394,
				1,
				1.667,
				1,
				1,
				1.772,
				1,
				1.878,
				0,
				1.983,
				0,
				1,
				2.306,
				0,
				2.628,
				0,
				2.95,
				0
			]
		},
		{
			"Target": "Parameter",
			"Id": "ParamMouthForm",
			"Segments": [
				0,
				0,
				1,
				0.194,
				0,
				0.389,
				0,
				0.583,
				0,
				1,
				0.633,
				0,
				0.683,
				1,
				0.733,
				1,
				1,
				0.756,
				1,
				0.778,
				1,
				0.8,
				1,
				1,
				0.828,
				1,
				0.856,
				0,
				0.883,
				0,
				1,
				1.572,
				0,
				2.261,
				0,
				2.95,
				0
			]
		},
		{
			"Target": "Parameter",
			"Id": "ParamMouthOpenY",
			"Segments": [
				0,
				0,
				1,
				0.194,
				0,
				0.389,
				0,
				0.583,
				0,
				1,
				0.633,
				0,
				0.683,
				0.3,
				0.733,
				0.3,
				1,
				0.756,
				0.3,
				0.778,
				0,
				0.8,
				0,
				1,
				0.828,
				0,
				0.856,
				0,
				0.883,
				0,
				1,
				0.911,
				0,
				0.939,
				0,
				0.967,
				0,
				1,
				1,
				0,
				1.033,
				1,
				1.067,
				1,
				1,
				1.25,
				1,
				1.433,
				1,
				1.617,
				1,
				1,
				1.694,
				1,
				1.772,
				0,
				1.85,
				0,
				1,
				2.217,
				0,
				2.583,
				0,
				2.95,
				0
			]
		},
		{
			"Target": "Parameter",
			"Id": "Param47",
			"Segments": [
				0,
				0,
				1,
				0.228,
				0,
				0.456,
				0,
				0.683,
				0,
				1,
				0.722,
				0,
				0.761,
				30,
				0.8,
				30,
				1,
				0.828,
				30,
				0.856,
				0,
				0.883,
				0,
				1,
				1.572,
				0,
				2.261,
				0,
				2.95,
				0
			]
		},
		{
			"Target": "Parameter",
			"Id": "Param46",
			"Segments": [
				0,
				2,
				1,
				0.983,
				2,
				1.967,
				2,
				2.95,
				2
			]
		},
		{
			"Target": "Parameter",
			"Id": "ParamBodyAngleX",
			"Segments": [
				0,
				0,
				1,
				0.061,
				0,
				0.122,
				0,
				0.183,
				0,
				1,
				0.428,
				0,
				0.672,
				2,
				0.917,
				2,
				1,
				1.133,
				2,
				1.35,
				2,
				1.567,
				2,
				1,
				1.8,
				2,
				2.033,
				0,
				2.267,
				0,
				1,
				2.494,
				0,
				2.722,
				0,
				2.95,
				0
			]
		},
		{
			"Target": "Parameter",
			"Id": "ParamBodyAngleY",
			"Segments": [
				0,
				0,
				1,
				0.083,
				0,
				0.167,
				2.389,
				0.25,
				3.788,
				1,
				0.322,
				5.001,
				0.394,
				5,
				0.467,
				5,
				1,
				0.578,
				5,
				0.689,
				-3.784,
				0.8,
				-5.121,
				1,
				0.9,
				-6.324,
				1,
				-6.95,
				1.1,
				-7.072,
				1,
				1.272,
				-7.282,
				1.444,
				-7.286,
				1.617,
				-7.286,
				1,
				1.7,
				-7.286,
				1.783,
				-3.756,
				1.867,
				-0.267,
				1,
				1.928,
				2.292,
				1.989,
				2.623,
				2.05,
				2.623,
				1,
				2.15,
				2.623,
				2.25,
				1.425,
				2.35,
				0.748,
				1,
				2.456,
				0.034,
				2.561,
				0,
				2.667,
				0,
				1,
				2.761,
				0,
				2.856,
				0,
				2.95,
				0
			]
		},
		{
			"Target": "Parameter",
			"Id": "ParamBodyAngleZ",
			"Segments": [
				0,
				0,
				1,
				0.094,
				0,
				0.189,
				0,
				0.283,
				0,
				1,
				0.472,
				0,
				0.661,
				1,
				0.85,
				1,
				1,
				1.106,
				1,
				1.361,
				1,
				1.617,
				1,
				1,
				1.811,
				1,
				2.006,
				0,
				2.2,
				0,
				1,
				2.45,
				0,
				2.7,
				0,
				2.95,
				0
			]
		},
		{
			"Target": "Parameter",
			"Id": "Param49",
			"Segments": [
				0,
				0,
				1,
				0.167,
				0,
				0.333,
				-1,
				0.5,
				-1,
				1,
				0.622,
				-1,
				0.744,
				8,
				0.867,
				8,
				1,
				1.083,
				8,
				1.3,
				8,
				1.517,
				8,
				1,
				1.583,
				8,
				1.65,
				8.588,
				1.717,
				8.588,
				1,
				1.872,
				8.588,
				2.028,
				4.68,
				2.183,
				2,
				1,
				2.3,
				-0.01,
				2.417,
				0,
				2.533,
				0,
				1,
				2.672,
				0,
				2.811,
				0,
				2.95,
				0
			]
		},
		{
			"Target": "Parameter",
			"Id": "Param48",
			"Segments": [
				0,
				0,
				1,
				0.167,
				0,
				0.333,
				-1,
				0.5,
				-1,
				1,
				0.622,
				-1,
				0.744,
				8,
				0.867,
				8,
				1,
				1.083,
				8,
				1.3,
				8,
				1.517,
				8,
				1,
				1.583,
				8,
				1.65,
				8.588,
				1.717,
				8.588,
				1,
				1.872,
				8.588,
				2.028,
				4.68,
				2.183,
				2,
				1,
				2.3,
				-0.01,
				2.417,
				0,
				2.533,
				0,
				1,
				2.672,
				0,
				2.811,
				0,
				2.95,
				0
			]
		},
		{
			"Target": "Parameter",
			"Id": "Param37",
			"Segments": [
				0,
				0,
				1,
				0.078,
				0,
				0.156,
				-5.558,
				0.233,
				-8.69,
				1,
				0.311,
				-11.821,
				0.389,
				-12,
				0.467,
				-12,
				1,
				0.572,
				-12,
				0.678,
				12.328,
				0.783,
				20.881,
				1,
				0.894,
				29.883,
				1.006,
				30,
				1.117,
				30,
				1,
				1.289,
				30,
				1.461,
				30.018,
				1.633,
				28.165,
				1,
				1.744,
				26.969,
				1.856,
				10.597,
				1.967,
				6.645,
				1,
				2.05,
				3.681,
				2.133,
				1.583,
				2.217,
				0.91,
				1,
				2.328,
				0.012,
				2.439,
				0,
				2.55,
				0,
				1,
				2.683,
				0,
				2.817,
				0,
				2.95,
				0
			]
		},
		{
			"Target": "Parameter",
			"Id": "ParamBreath",
			"Segments": [
				0,
				0,
				1,
				0.622,
				0,
				1.244,
				1,
				1.867,
				1,
				1,
				1.95,
				1,
				2.033,
				1,
				2.117,
				1,
				1,
				2.394,
				1,
				2.672,
				0.88,
				2.95,
				0.586
			]
		},
		{
			"Target": "Parameter",
			"Id": "Param34",
			"Segments": [
				0,
				0,
				1,
				0.122,
				0,
				0.244,
				0,
				0.367,
				0,
				1,
				0.539,
				0,
				0.711,
				3,
				0.883,
				3,
				1,
				1.1,
				3,
				1.317,
				3,
				1.533,
				3,
				1,
				1.767,
				3,
				2,
				0,
				2.233,
				0,
				1,
				2.472,
				0,
				2.711,
				0,
				2.95,
				0
			]
		},
		{
			"Target": "Parameter",
			"Id": "Param33",
			"Segments": [
				0,
				0,
				1,
				0.122,
				0,
				0.244,
				0,
				0.367,
				0,
				1,
				0.539,
				0,
				0.711,
				1,
				0.883,
				1,
				1,
				1.1,
				1,
				1.317,
				1,
				1.533,
				1,
				1,
				1.767,
				1,
				2,
				0,
				2.233,
				0,
				1,
				2.472,
				0,
				2.711,
				0,
				2.95,
				0
			]
		},
		{
			"Target": "Parameter",
			"Id": "Param35",
			"Segments": [
				0,
				0,
				1,
				0.028,
				0,
				0.056,
				0,
				0.083,
				0,
				1,
				0.139,
				0,
				0.194,
				0.372,
				0.25,
				1.52,
				1,
				0.322,
				3.012,
				0.394,
				4.014,
				0.467,
				4.014,
				1,
				0.556,
				4.014,
				0.644,
				-4.202,
				0.733,
				-9.991,
				1,
				0.794,
				-13.971,
				0.856,
				-14,
				0.917,
				-14,
				1,
				1.156,
				-14,
				1.394,
				-14,
				1.633,
				-14,
				1,
				1.744,
				-14,
				1.856,
				-8.817,
				1.967,
				-3.534,
				1,
				2.056,
				0.691,
				2.144,
				1.394,
				2.233,
				1.394,
				1,
				2.356,
				1.394,
				2.478,
				0,
				2.6,
				0,
				1,
				2.717,
				0,
				2.833,
				0,
				2.95,
				0
			]
		},
		{
			"Target": "Parameter",
			"Id": "Param50",
			"Segments": [
				0,
				0,
				1,
				0.022,
				0,
				0.044,
				0,
				0.067,
				0,
				1,
				0.144,
				0,
				0.222,
				-0.732,
				0.3,
				-2.377,
				1,
				0.356,
				-3.552,
				0.411,
				-4.239,
				0.467,
				-4.239,
				1,
				0.55,
				-4.239,
				0.633,
				-3.9,
				0.717,
				-3.9,
				1,
				0.933,
				-3.9,
				1.15,
				-3.9,
				1.367,
				-3.9,
				1,
				1.461,
				-3.9,
				1.556,
				-4.239,
				1.65,
				-4.239,
				1,
				1.767,
				-4.239,
				1.883,
				-1.837,
				2,
				-0.996,
				1,
				2.139,
				0.006,
				2.278,
				0,
				2.417,
				0,
				1,
				2.594,
				0,
				2.772,
				0,
				2.95,
				0
			]
		},
		{
			"Target": "Parameter",
			"Id": "Param36",
			"Segments": [
				0,
				0,
				1,
				0.017,
				0,
				0.033,
				0,
				0.05,
				0,
				1,
				0.117,
				0,
				0.183,
				0.842,
				0.25,
				3.307,
				1,
				0.294,
				4.95,
				0.339,
				6.321,
				0.383,
				6.321,
				1,
				0.439,
				6.321,
				0.494,
				6.424,
				0.55,
				4.434,
				1,
				0.622,
				1.847,
				0.694,
				-8.231,
				0.767,
				-10.846,
				1,
				0.839,
				-13.461,
				0.911,
				-13.56,
				0.983,
				-13.56,
				1,
				1.189,
				-13.56,
				1.394,
				-13.56,
				1.6,
				-13.56,
				1,
				1.661,
				-13.56,
				1.722,
				-14.042,
				1.783,
				-14.042,
				1,
				1.906,
				-14.042,
				2.028,
				-8.117,
				2.15,
				-3.68,
				1,
				2.25,
				-0.049,
				2.35,
				0.184,
				2.45,
				0.184,
				1,
				2.506,
				0.184,
				2.561,
				0,
				2.617,
				0,
				1,
				2.728,
				0,
				2.839,
				0,
				2.95,
				0
			]
		},
		{
			"Target": "Parameter",
			"Id": "Param52",
			"Segments": [
				0,
				0,
				1,
				0.028,
				0,
				0.056,
				0,
				0.083,
				0,
				1,
				0.2,
				0,
				0.317,
				0.183,
				0.433,
				-1.539,
				1,
				0.572,
				-3.588,
				0.711,
				-9,
				0.85,
				-9,
				1,
				1.144,
				-9,
				1.439,
				-9,
				1.733,
				-9,
				1,
				1.906,
				-9,
				2.078,
				0,
				2.25,
				0,
				1,
				2.483,
				0,
				2.717,
				0,
				2.95,
				0
			]
		},
		{
			"Target": "Parameter",
			"Id": "Param38",
			"Segments": [
				0,
				0,
				1,
				0.028,
				0,
				0.056,
				0,
				0.083,
				0,
				1,
				0.2,
				0,
				0.317,
				5,
				0.433,
				5,
				1,
				0.511,
				5,
				0.589,
				-3.363,
				0.667,
				-9.134,
				1,
				0.739,
				-14.493,
				0.811,
				-15,
				0.883,
				-15,
				1,
				1.122,
				-15,
				1.361,
				-15,
				1.6,
				-15,
				1,
				1.661,
				-15,
				1.722,
				-17.103,
				1.783,
				-17.103,
				1,
				1.872,
				-17.103,
				1.961,
				-8.221,
				2.05,
				-4.917,
				1,
				2.172,
				-0.373,
				2.294,
				0,
				2.417,
				0,
				1,
				2.594,
				0,
				2.772,
				0,
				2.95,
				0
			]
		},
		{
			"Target": "Parameter",
			"Id": "Param55",
			"Segments": [
				0,
				0,
				1,
				0.028,
				0,
				0.056,
				0,
				0.083,
				0,
				1,
				0.144,
				0,
				0.206,
				-6.413,
				0.267,
				-9.337,
				1,
				0.322,
				-11.995,
				0.378,
				-11.974,
				0.433,
				-11.974,
				1,
				0.556,
				-11.974,
				0.678,
				30,
				0.8,
				30,
				1,
				1.111,
				30,
				1.422,
				30,
				1.733,
				30,
				1,
				1.861,
				30,
				1.989,
				14.787,
				2.117,
				6.448,
				1,
				2.217,
				-0.078,
				2.317,
				0,
				2.417,
				0,
				1,
				2.594,
				0,
				2.772,
				0,
				2.95,
				0
			]
		},
		{
			"Target": "Parameter",
			"Id": "Param54",
			"Segments": [
				0,
				0,
				1,
				0.028,
				0,
				0.056,
				0,
				0.083,
				0,
				1,
				0.144,
				0,
				0.206,
				-2.003,
				0.267,
				-4.807,
				1,
				0.311,
				-6.846,
				0.356,
				-7.429,
				0.4,
				-7.429,
				1,
				0.517,
				-7.429,
				0.633,
				30,
				0.75,
				30,
				1,
				1.078,
				30,
				1.406,
				30,
				1.733,
				30,
				1,
				1.839,
				30,
				1.944,
				12.733,
				2.05,
				6.926,
				1,
				2.172,
				0.202,
				2.294,
				0,
				2.417,
				0,
				1,
				2.594,
				0,
				2.772,
				0,
				2.95,
				0
			]
		},
		{
			"Target": "Parameter",
			"Id": "Param39",
			"Segments": [
				0,
				0,
				1,
				0.028,
				0,
				0.056,
				0,
				0.083,
				0,
				1,
				0.128,
				0,
				0.172,
				2.102,
				0.217,
				3.638,
				1,
				0.294,
				6.325,
				0.372,
				7,
				0.45,
				7,
				1,
				0.544,
				7,
				0.639,
				1.974,
				0.733,
				-4.465,
				1,
				0.789,
				-8.252,
				0.844,
				-9,
				0.9,
				-9,
				1,
				1.144,
				-9,
				1.389,
				-9,
				1.633,
				-9,
				1,
				1.739,
				-9,
				1.844,
				-7.119,
				1.95,
				-2.77,
				1,
				2.022,
				0.206,
				2.094,
				2.029,
				2.167,
				2.029,
				1,
				2.311,
				2.029,
				2.456,
				0,
				2.6,
				0,
				1,
				2.717,
				0,
				2.833,
				0,
				2.95,
				0
			]
		},
		{
			"Target": "Parameter",
			"Id": "Param51",
			"Segments": [
				0,
				0,
				1,
				0.178,
				0,
				0.356,
				-3.326,
				0.533,
				-3.326,
				1,
				0.594,
				-3.326,
				0.656,
				-3.2,
				0.717,
				-3.2,
				1,
				0.939,
				-3.2,
				1.161,
				-3.2,
				1.383,
				-3.2,
				1,
				1.467,
				-3.2,
				1.55,
				-3.451,
				1.633,
				-3.451,
				1,
				1.733,
				-3.451,
				1.833,
				-2.222,
				1.933,
				-1.354,
				1,
				2.067,
				-0.196,
				2.2,
				0,
				2.333,
				0,
				1,
				2.539,
				0,
				2.744,
				0,
				2.95,
				0
			]
		},
		{
			"Target": "Parameter",
			"Id": "Param40",
			"Segments": [
				0,
				0,
				1,
				0.028,
				0,
				0.056,
				0,
				0.083,
				0,
				1,
				0.139,
				0,
				0.194,
				0.986,
				0.25,
				2.941,
				1,
				0.294,
				4.505,
				0.339,
				5.278,
				0.383,
				5.278,
				1,
				0.439,
				5.278,
				0.494,
				5.165,
				0.55,
				3.626,
				1,
				0.611,
				1.933,
				0.672,
				-2.656,
				0.733,
				-4.553,
				1,
				0.8,
				-6.621,
				0.867,
				-7,
				0.933,
				-7,
				1,
				1.156,
				-7,
				1.378,
				-7,
				1.6,
				-7,
				1,
				1.683,
				-7,
				1.767,
				-10.596,
				1.85,
				-10.596,
				1,
				1.933,
				-10.596,
				2.017,
				-4.606,
				2.1,
				-1.963,
				1,
				2.178,
				0.504,
				2.256,
				0.455,
				2.333,
				0.455,
				1,
				2.417,
				0.455,
				2.5,
				0,
				2.583,
				0,
				1,
				2.706,
				0,
				2.828,
				0,
				2.95,
				0
			]
		},
		{
			"Target": "Parameter",
			"Id": "Param53",
			"Segments": [
				0,
				0,
				1,
				0.028,
				0,
				0.056,
				0,
				0.083,
				0,
				1,
				0.222,
				0,
				0.361,
				-0.001,
				0.5,
				-1.139,
				1,
				0.606,
				-2.003,
				0.711,
				-5,
				0.817,
				-5,
				1,
				1.111,
				-5,
				1.406,
				-5,
				1.7,
				-5,
				1,
				1.872,
				-5,
				2.044,
				0,
				2.217,
				0,
				1,
				2.461,
				0,
				2.706,
				0,
				2.95,
				0
			]
		},
		{
			"Target": "Parameter",
			"Id": "Param41",
			"Segments": [
				0,
				0,
				1,
				0.028,
				0,
				0.056,
				0,
				0.083,
				0,
				1,
				0.2,
				0,
				0.317,
				5.439,
				0.433,
				5.439,
				1,
				0.528,
				5.439,
				0.622,
				-4.217,
				0.717,
				-7.411,
				1,
				0.8,
				-10.228,
				0.883,
				-10,
				0.967,
				-10,
				1,
				1.161,
				-10,
				1.356,
				-10,
				1.55,
				-10,
				1,
				1.611,
				-10,
				1.672,
				-11.892,
				1.733,
				-11.892,
				1,
				1.889,
				-11.892,
				2.044,
				-4.812,
				2.2,
				-1.597,
				1,
				2.294,
				0.354,
				2.389,
				0,
				2.483,
				0,
				1,
				2.639,
				0,
				2.794,
				0,
				2.95,
				0
			]
		},
		{
			"Target": "Parameter",
			"Id": "Param56",
			"Segments": [
				0,
				0,
				1,
				0.028,
				0,
				0.056,
				0,
				0.083,
				0,
				1,
				0.144,
				0,
				0.206,
				-4.676,
				0.267,
				-9.057,
				1,
				0.311,
				-12.243,
				0.356,
				-12.612,
				0.4,
				-12.612,
				1,
				0.533,
				-12.612,
				0.667,
				30,
				0.8,
				30,
				1,
				1.039,
				30,
				1.278,
				30,
				1.517,
				30,
				1,
				1.65,
				30,
				1.783,
				8.861,
				1.917,
				4.362,
				1,
				2.056,
				-0.325,
				2.194,
				0,
				2.333,
				0,
				1,
				2.539,
				0,
				2.744,
				0,
				2.95,
				0
			]
		},
		{
			"Target": "Parameter",
			"Id": "Param57",
			"Segments": [
				0,
				0,
				1,
				0.028,
				0,
				0.056,
				0,
				0.083,
				0,
				1,
				0.156,
				0,
				0.228,
				-5.832,
				0.3,
				-8.975,
				1,
				0.35,
				-11.151,
				0.4,
				-11,
				0.45,
				-11,
				1,
				0.528,
				-11,
				0.606,
				4.691,
				0.683,
				17.615,
				1,
				0.75,
				28.693,
				0.817,
				30,
				0.883,
				30,
				1,
				1.117,
				30,
				1.35,
				30,
				1.583,
				30,
				1,
				1.711,
				30,
				1.839,
				16.84,
				1.967,
				8.556,
				1,
				2.089,
				0.632,
				2.211,
				0,
				2.333,
				0,
				1,
				2.539,
				0,
				2.744,
				0,
				2.95,
				0
			]
		},
		{
			"Target": "Parameter",
			"Id": "Param2",
			"Segments": [
				0,
				0,
				1,
				0.983,
				0,
				1.967,
				0,
				2.95,
				0
			]
		},
		{
			"Target": "Parameter",
			"Id": "Param3",
			"Segments": [
				0,
				0,
				1,
				0.983,
				0,
				1.967,
				0,
				2.95,
				0
			]
		},
		{
			"Target": "Parameter",
			"Id": "Param4",
			"Segments": [
				0,
				0,
				1,
				0.983,
				0,
				1.967,
				0,
				2.95,
				0
			]
		}
	]
}