{
	"Version": 3,
	"Meta": {
		"Duration": 4.117,
		"Fps": 60.0,
		"FadeInTime": 0.5,
		"FadeOutTime": 0.8,
		"Loop": true,
		"AreBeziersRestricted": false,
		"CurveCount": 50,
		"TotalSegmentCount": 280,
		"TotalPointCount": 890,
		"UserDataCount": 0,
		"TotalUserDataSize": 0
	},
	"Curves": [
		{
			"Target": "Parameter",
			"Id": "ParamAngleX",
			"Segments": [
				0,
				0,
				1,
				0.083,
				0,
				0.167,
				0,
				0.25,
				0,
				1,
				0.372,
				0,
				0.494,
				2.553,
				0.617,
				4.264,
				1,
				0.733,
				5.897,
				0.85,
				6,
				0.967,
				6,
				1,
				1.506,
				6,
				2.044,
				6,
				2.583,
				6,
				1,
				2.844,
				6,
				3.106,
				0,
				3.367,
				0,
				1,
				3.617,
				0,
				3.867,
				0,
				4.117,
				0
			]
		},
		{
			"Target": "Parameter",
			"Id": "ParamAngleY",
			"Segments": [
				0,
				0,
				1,
				0.017,
				0,
				0.033,
				0,
				0.05,
				0,
				1,
				0.161,
				0,
				0.272,
				0.246,
				0.383,
				0.246,
				1,
				0.478,
				0.246,
				0.572,
				-1.901,
				0.667,
				-3.772,
				1,
				0.744,
				-5.312,
				0.822,
				-5.473,
				0.9,
				-5.473,
				1,
				1.022,
				-5.473,
				1.144,
				-5,
				1.267,
				-5,
				1,
				1.689,
				-5,
				2.111,
				-5,
				2.533,
				-5,
				1,
				2.661,
				-5,
				2.789,
				-9.596,
				2.917,
				-9.596,
				1,
				3.072,
				-9.596,
				3.228,
				1.336,
				3.383,
				1.336,
				1,
				3.517,
				1.336,
				3.65,
				0,
				3.783,
				0,
				1,
				3.894,
				0,
				4.006,
				0,
				4.117,
				0
			]
		},
		{
			"Target": "Parameter",
			"Id": "ParamAngleZ",
			"Segments": [
				0,
				0,
				1,
				0.033,
				0,
				0.067,
				0,
				0.1,
				0,
				1,
				0.2,
				0,
				0.3,
				0.987,
				0.4,
				0.987,
				1,
				0.5,
				0.987,
				0.6,
				-7.629,
				0.7,
				-15.919,
				1,
				0.778,
				-22.366,
				0.856,
				-23.298,
				0.933,
				-23.298,
				1,
				1.039,
				-23.298,
				1.144,
				-22.296,
				1.25,
				-22,
				1,
				1.439,
				-21.47,
				1.628,
				-21.419,
				1.817,
				-21.419,
				1,
				2.033,
				-21.419,
				2.25,
				-21.448,
				2.467,
				-22,
				1,
				2.572,
				-22.269,
				2.678,
				-25.232,
				2.783,
				-25.232,
				1,
				2.889,
				-25.232,
				2.994,
				-15.913,
				3.1,
				-7.329,
				1,
				3.189,
				-0.1,
				3.278,
				0.987,
				3.367,
				0.987,
				1,
				3.483,
				0.987,
				3.6,
				0,
				3.717,
				0,
				1,
				3.85,
				0,
				3.983,
				0,
				4.117,
				0
			]
		},
		{
			"Target": "Parameter",
			"Id": "Param",
			"Segments": [
				0,
				0,
				1,
				1.372,
				0,
				2.744,
				0,
				4.117,
				0
			]
		},
		{
			"Target": "Parameter",
			"Id": "ParamEyeLOpen",
			"Segments": [
				0,
				1,
				1,
				0.183,
				1,
				0.367,
				1,
				0.55,
				1,
				1,
				0.594,
				1,
				0.639,
				0,
				0.683,
				0,
				1,
				1.389,
				0,
				2.094,
				0,
				2.8,
				0,
				1,
				2.856,
				0,
				2.911,
				1,
				2.967,
				1,
				1,
				3.35,
				1,
				3.733,
				1,
				4.117,
				1
			]
		},
		{
			"Target": "Parameter",
			"Id": "ParamEyeLSmile",
			"Segments": [
				0,
				0,
				1,
				0.178,
				0,
				0.356,
				0,
				0.533,
				0,
				1,
				0.539,
				0,
				0.544,
				1,
				0.55,
				1,
				1,
				1.356,
				1,
				2.161,
				1,
				2.967,
				1,
				1,
				2.972,
				1,
				2.978,
				0,
				2.983,
				0,
				1,
				3.361,
				0,
				3.739,
				0,
				4.117,
				0
			]
		},
		{
			"Target": "Parameter",
			"Id": "ParamEyeROpen",
			"Segments": [
				0,
				1,
				1,
				0.183,
				1,
				0.367,
				1,
				0.55,
				1,
				1,
				0.594,
				1,
				0.639,
				0,
				0.683,
				0,
				1,
				1.389,
				0,
				2.094,
				0,
				2.8,
				0,
				1,
				2.856,
				0,
				2.911,
				1,
				2.967,
				1,
				1,
				3.35,
				1,
				3.733,
				1,
				4.117,
				1
			]
		},
		{
			"Target": "Parameter",
			"Id": "ParamEyeRSmile",
			"Segments": [
				0,
				0,
				1,
				0.178,
				0,
				0.356,
				0,
				0.533,
				0,
				1,
				0.539,
				0,
				0.544,
				1,
				0.55,
				1,
				1,
				1.356,
				1,
				2.161,
				1,
				2.967,
				1,
				1,
				2.972,
				1,
				2.978,
				0,
				2.983,
				0,
				1,
				3.361,
				0,
				3.739,
				0,
				4.117,
				0
			]
		},
		{
			"Target": "Parameter",
			"Id": "ParamEyeBallX",
			"Segments": [
				0,
				0,
				1,
				0.183,
				0,
				0.367,
				0,
				0.55,
				0,
				1,
				0.606,
				0,
				0.661,
				0.2,
				0.717,
				0.2,
				1,
				1.406,
				0.2,
				2.094,
				0.2,
				2.783,
				0.2,
				1,
				2.844,
				0.2,
				2.906,
				0,
				2.967,
				0,
				1,
				3.35,
				0,
				3.733,
				0,
				4.117,
				0
			]
		},
		{
			"Target": "Parameter",
			"Id": "ParamEyeBallY",
			"Segments": [
				0,
				0,
				1,
				0.183,
				0,
				0.367,
				0,
				0.55,
				0,
				1,
				0.606,
				0,
				0.661,
				0.4,
				0.717,
				0.4,
				1,
				1.406,
				0.4,
				2.094,
				0.4,
				2.783,
				0.4,
				1,
				2.844,
				0.4,
				2.906,
				0,
				2.967,
				0,
				1,
				3.35,
				0,
				3.733,
				0,
				4.117,
				0
			]
		},
		{
			"Target": "Parameter",
			"Id": "Param42",
			"Segments": [
				0,
				0,
				1,
				1.372,
				0,
				2.744,
				0,
				4.117,
				0
			]
		},
		{
			"Target": "Parameter",
			"Id": "Param45",
			"Segments": [
				0,
				0,
				1,
				1.372,
				0,
				2.744,
				0,
				4.117,
				0
			]
		},
		{
			"Target": "Parameter",
			"Id": "ParamBrowLY",
			"Segments": [
				0,
				0,
				1,
				0.183,
				0,
				0.367,
				0,
				0.55,
				0,
				1,
				0.606,
				0,
				0.661,
				0,
				0.717,
				0,
				1,
				1.417,
				0,
				2.117,
				0,
				2.817,
				0,
				1,
				2.878,
				0,
				2.939,
				0,
				3,
				0,
				1,
				3.372,
				0,
				3.744,
				0,
				4.117,
				0
			]
		},
		{
			"Target": "Parameter",
			"Id": "ParamBrowRY",
			"Segments": [
				0,
				0,
				1,
				0.183,
				0,
				0.367,
				0,
				0.55,
				0,
				1,
				0.606,
				0,
				0.661,
				0,
				0.717,
				0,
				1,
				1.417,
				0,
				2.117,
				0,
				2.817,
				0,
				1,
				2.878,
				0,
				2.939,
				0,
				3,
				0,
				1,
				3.372,
				0,
				3.744,
				0,
				4.117,
				0
			]
		},
		{
			"Target": "Parameter",
			"Id": "ParamBrowLX",
			"Segments": [
				0,
				0,
				1,
				0.183,
				0,
				0.367,
				0,
				0.55,
				0,
				1,
				0.606,
				0,
				0.661,
				0.1,
				0.717,
				0.1,
				1,
				1.417,
				0.1,
				2.117,
				0.1,
				2.817,
				0.1,
				1,
				2.878,
				0.1,
				2.939,
				0,
				3,
				0,
				1,
				3.372,
				0,
				3.744,
				0,
				4.117,
				0
			]
		},
		{
			"Target": "Parameter",
			"Id": "ParamBrowRX",
			"Segments": [
				0,
				0,
				1,
				0.183,
				0,
				0.367,
				0,
				0.55,
				0,
				1,
				0.606,
				0,
				0.661,
				0.1,
				0.717,
				0.1,
				1,
				1.417,
				0.1,
				2.117,
				0.1,
				2.817,
				0.1,
				1,
				2.878,
				0.1,
				2.939,
				0,
				3,
				0,
				1,
				3.372,
				0,
				3.744,
				0,
				4.117,
				0
			]
		},
		{
			"Target": "Parameter",
			"Id": "ParamBrowLAngle",
			"Segments": [
				0,
				0,
				1,
				0.183,
				0,
				0.367,
				0,
				0.55,
				0,
				1,
				0.606,
				0,
				0.661,
				0.1,
				0.717,
				0.1,
				1,
				1.417,
				0.1,
				2.117,
				0.1,
				2.817,
				0.1,
				1,
				2.878,
				0.1,
				2.939,
				0,
				3,
				0,
				1,
				3.372,
				0,
				3.744,
				0,
				4.117,
				0
			]
		},
		{
			"Target": "Parameter",
			"Id": "ParamBrowRAngle",
			"Segments": [
				0,
				0,
				1,
				0.183,
				0,
				0.367,
				0,
				0.55,
				0,
				1,
				0.606,
				0,
				0.661,
				0.1,
				0.717,
				0.1,
				1,
				1.417,
				0.1,
				2.117,
				0.1,
				2.817,
				0.1,
				1,
				2.878,
				0.1,
				2.939,
				0,
				3,
				0,
				1,
				3.372,
				0,
				3.744,
				0,
				4.117,
				0
			]
		},
		{
			"Target": "Parameter",
			"Id": "ParamBrowLForm",
			"Segments": [
				0,
				0,
				1,
				0.183,
				0,
				0.367,
				0,
				0.55,
				0,
				1,
				0.606,
				0,
				0.661,
				0,
				0.717,
				0,
				1,
				1.417,
				0,
				2.117,
				0,
				2.817,
				0,
				1,
				2.878,
				0,
				2.939,
				0,
				3,
				0,
				1,
				3.372,
				0,
				3.744,
				0,
				4.117,
				0
			]
		},
		{
			"Target": "Parameter",
			"Id": "ParamBrowRForm",
			"Segments": [
				0,
				0,
				1,
				0.183,
				0,
				0.367,
				0,
				0.55,
				0,
				1,
				0.606,
				0,
				0.661,
				0,
				0.717,
				0,
				1,
				1.417,
				0,
				2.117,
				0,
				2.817,
				0,
				1,
				2.878,
				0,
				2.939,
				0,
				3,
				0,
				1,
				3.372,
				0,
				3.744,
				0,
				4.117,
				0
			]
		},
		{
			"Target": "Parameter",
			"Id": "ParamMouthForm",
			"Segments": [
				0,
				0,
				1,
				1.372,
				0,
				2.744,
				0,
				4.117,
				0
			]
		},
		{
			"Target": "Parameter",
			"Id": "ParamMouthOpenY",
			"Segments": [
				0,
				0,
				1,
				0.183,
				0,
				0.367,
				0,
				0.55,
				0,
				1,
				0.589,
				0,
				0.628,
				1,
				0.667,
				1,
				1,
				1.372,
				1,
				2.078,
				1,
				2.783,
				1,
				1,
				2.861,
				1,
				2.939,
				0,
				3.017,
				0,
				1,
				3.383,
				0,
				3.75,
				0,
				4.117,
				0
			]
		},
		{
			"Target": "Parameter",
			"Id": "Param47",
			"Segments": [
				0,
				0,
				1,
				1.372,
				0,
				2.744,
				0,
				4.117,
				0
			]
		},
		{
			"Target": "Parameter",
			"Id": "Param46",
			"Segments": [
				0,
				2,
				1,
				1.372,
				2,
				2.744,
				2,
				4.117,
				2
			]
		},
		{
			"Target": "Parameter",
			"Id": "ParamBodyAngleX",
			"Segments": [
				0,
				0,
				1,
				0.311,
				0,
				0.622,
				5,
				0.933,
				5,
				1,
				1.467,
				5,
				2,
				5,
				2.533,
				5,
				1,
				2.678,
				5,
				2.822,
				3.607,
				2.967,
				1.683,
				1,
				3.067,
				0.351,
				3.167,
				0,
				3.267,
				0,
				1,
				3.55,
				0,
				3.833,
				0,
				4.117,
				0
			]
		},
		{
			"Target": "Parameter",
			"Id": "ParamBodyAngleY",
			"Segments": [
				0,
				0,
				1,
				0.117,
				0,
				0.233,
				4,
				0.35,
				4,
				1,
				0.433,
				4,
				0.517,
				2.549,
				0.6,
				-0.618,
				1,
				0.7,
				-4.417,
				0.8,
				-6.457,
				0.9,
				-6.457,
				1,
				1.017,
				-6.457,
				1.133,
				-5.185,
				1.25,
				-5,
				1,
				1.428,
				-4.719,
				1.606,
				-4.724,
				1.783,
				-4.724,
				1,
				1.978,
				-4.724,
				2.172,
				-4.738,
				2.367,
				-5,
				1,
				2.472,
				-5.142,
				2.578,
				-6,
				2.683,
				-6,
				1,
				2.767,
				-6,
				2.85,
				-4.147,
				2.933,
				-2.185,
				1,
				3.061,
				0.823,
				3.189,
				1.75,
				3.317,
				1.75,
				1,
				3.439,
				1.75,
				3.561,
				-0.618,
				3.683,
				-0.618,
				1,
				3.828,
				-0.618,
				3.972,
				0,
				4.117,
				0
			]
		},
		{
			"Target": "Parameter",
			"Id": "ParamBodyAngleZ",
			"Segments": [
				0,
				0,
				1,
				0.122,
				0,
				0.244,
				1,
				0.367,
				1,
				1,
				0.45,
				1,
				0.533,
				-1.52,
				0.617,
				-3.115,
				1,
				0.722,
				-5.135,
				0.828,
				-5.408,
				0.933,
				-5.408,
				1,
				1.061,
				-5.408,
				1.189,
				-5.134,
				1.317,
				-5.029,
				1,
				1.5,
				-4.879,
				1.683,
				-4.869,
				1.867,
				-4.869,
				1,
				2.044,
				-4.869,
				2.222,
				-4.879,
				2.4,
				-5.029,
				1,
				2.522,
				-5.133,
				2.644,
				-5.408,
				2.767,
				-5.408,
				1,
				2.861,
				-5.408,
				2.956,
				-3.689,
				3.05,
				-1.69,
				1,
				3.15,
				0.426,
				3.25,
				1,
				3.35,
				1,
				1,
				3.494,
				1,
				3.639,
				-0.252,
				3.783,
				-0.252,
				1,
				3.894,
				-0.252,
				4.006,
				0,
				4.117,
				0
			]
		},
		{
			"Target": "Parameter",
			"Id": "Param49",
			"Segments": [
				0,
				0,
				1,
				0.139,
				0,
				0.278,
				1,
				0.417,
				1,
				1,
				0.617,
				1,
				0.817,
				-1,
				1.017,
				-1,
				1,
				1.139,
				-1,
				1.261,
				0,
				1.383,
				0,
				1,
				1.739,
				0,
				2.094,
				0,
				2.45,
				0,
				1,
				2.561,
				0,
				2.672,
				-1,
				2.783,
				-1,
				1,
				2.906,
				-1,
				3.028,
				1,
				3.15,
				1,
				1,
				3.267,
				1,
				3.383,
				0,
				3.5,
				0,
				1,
				3.706,
				0,
				3.911,
				0,
				4.117,
				0
			]
		},
		{
			"Target": "Parameter",
			"Id": "Param48",
			"Segments": [
				0,
				0,
				1,
				0.139,
				0,
				0.278,
				1,
				0.417,
				1,
				1,
				0.617,
				1,
				0.817,
				-1,
				1.017,
				-1,
				1,
				1.139,
				-1,
				1.261,
				0,
				1.383,
				0,
				1,
				1.739,
				0,
				2.094,
				0,
				2.45,
				0,
				1,
				2.561,
				0,
				2.672,
				-1,
				2.783,
				-1,
				1,
				2.906,
				-1,
				3.028,
				1,
				3.15,
				1,
				1,
				3.267,
				1,
				3.383,
				0,
				3.5,
				0,
				1,
				3.706,
				0,
				3.911,
				0,
				4.117,
				0
			]
		},
		{
			"Target": "Parameter",
			"Id": "Param37",
			"Segments": [
				0,
				0,
				1,
				0.133,
				0,
				0.267,
				-3,
				0.4,
				-3,
				1,
				0.572,
				-3,
				0.744,
				2,
				0.917,
				2,
				1,
				1.039,
				2,
				1.161,
				0,
				1.283,
				0,
				1,
				1.694,
				0,
				2.106,
				0,
				2.517,
				0,
				1,
				2.628,
				0,
				2.739,
				1.289,
				2.85,
				1.289,
				1,
				2.989,
				1.289,
				3.128,
				-0.374,
				3.267,
				-0.374,
				1,
				3.367,
				-0.374,
				3.467,
				0,
				3.567,
				0,
				1,
				3.75,
				0,
				3.933,
				0,
				4.117,
				0
			]
		},
		{
			"Target": "Parameter",
			"Id": "ParamBreath",
			"Segments": [
				0,
				0,
				1,
				0.622,
				0,
				1.244,
				1,
				1.867,
				1,
				1,
				1.95,
				1,
				2.033,
				1,
				2.117,
				1,
				1,
				2.744,
				1,
				3.372,
				0,
				4,
				0,
				1,
				4.039,
				0,
				4.078,
				-0.022,
				4.117,
				0.011
			]
		},
		{
			"Target": "Parameter",
			"Id": "Param34",
			"Segments": [
				0,
				0,
				1,
				1.372,
				0,
				2.744,
				0,
				4.117,
				0
			]
		},
		{
			"Target": "Parameter",
			"Id": "Param33",
			"Segments": [
				0,
				0,
				1,
				1.372,
				0,
				2.744,
				0,
				4.117,
				0
			]
		},
		{
			"Target": "Parameter",
			"Id": "Param35",
			"Segments": [
				0,
				0,
				1,
				0.106,
				0,
				0.211,
				1.342,
				0.317,
				1.342,
				1,
				0.417,
				1.342,
				0.517,
				-3.243,
				0.617,
				-9.392,
				1,
				0.7,
				-14.516,
				0.783,
				-16.007,
				0.867,
				-16.007,
				1,
				1.033,
				-16.007,
				1.2,
				-15,
				1.367,
				-15,
				1,
				1.689,
				-15,
				2.011,
				-15,
				2.333,
				-15,
				1,
				2.428,
				-15,
				2.522,
				-16.181,
				2.617,
				-16.181,
				1,
				2.778,
				-16.181,
				2.939,
				1.342,
				3.1,
				1.342,
				1,
				3.233,
				1.342,
				3.367,
				0,
				3.5,
				0,
				1,
				3.706,
				0,
				3.911,
				0,
				4.117,
				0
			]
		},
		{
			"Target": "Parameter",
			"Id": "Param50",
			"Segments": [
				0,
				0,
				1,
				0.111,
				0,
				0.222,
				0,
				0.333,
				0,
				1,
				0.5,
				0,
				0.667,
				-5.9,
				0.833,
				-5.9,
				1,
				1.439,
				-5.9,
				2.044,
				-5.9,
				2.65,
				-5.9,
				1,
				2.828,
				-5.9,
				3.006,
				0,
				3.183,
				0,
				1,
				3.494,
				0,
				3.806,
				0,
				4.117,
				0
			]
		},
		{
			"Target": "Parameter",
			"Id": "Param36",
			"Segments": [
				0,
				0,
				1,
				0.017,
				0,
				0.033,
				0,
				0.05,
				0,
				1,
				0.144,
				0,
				0.239,
				1.354,
				0.333,
				1.354,
				1,
				0.444,
				1.354,
				0.556,
				-1.543,
				0.667,
				-4.078,
				1,
				0.761,
				-6.232,
				0.856,
				-6.483,
				0.95,
				-6.483,
				1,
				1.133,
				-6.483,
				1.317,
				-5,
				1.5,
				-5,
				1,
				1.811,
				-5,
				2.122,
				-5,
				2.433,
				-5,
				1,
				2.517,
				-5,
				2.6,
				-7.459,
				2.683,
				-7.459,
				1,
				2.772,
				-7.459,
				2.861,
				-4.267,
				2.95,
				-1.561,
				1,
				3.022,
				0.637,
				3.094,
				0.85,
				3.167,
				0.85,
				1,
				3.3,
				0.85,
				3.433,
				0,
				3.567,
				0,
				1,
				3.75,
				0,
				3.933,
				0,
				4.117,
				0
			]
		},
		{
			"Target": "Parameter",
			"Id": "Param52",
			"Segments": [
				0,
				0,
				1,
				0.111,
				0,
				0.222,
				0,
				0.333,
				0,
				1,
				0.489,
				0,
				0.644,
				-11,
				0.8,
				-11,
				1,
				1.372,
				-11,
				1.944,
				-11,
				2.517,
				-11,
				1,
				2.756,
				-11,
				2.994,
				0,
				3.233,
				0,
				1,
				3.528,
				0,
				3.822,
				0,
				4.117,
				0
			]
		},
		{
			"Target": "Parameter",
			"Id": "Param38",
			"Segments": [
				0,
				0,
				1,
				0.089,
				0,
				0.178,
				0,
				0.267,
				0,
				1,
				0.356,
				0,
				0.444,
				-0.295,
				0.533,
				-2.119,
				1,
				0.617,
				-3.83,
				0.7,
				-5.884,
				0.783,
				-5.884,
				1,
				0.894,
				-5.884,
				1.006,
				-5,
				1.117,
				-5,
				1,
				1.556,
				-5,
				1.994,
				-5,
				2.433,
				-5,
				1,
				2.522,
				-5,
				2.611,
				-6.152,
				2.7,
				-6.152,
				1,
				2.889,
				-6.152,
				3.078,
				1.132,
				3.267,
				1.132,
				1,
				3.367,
				1.132,
				3.467,
				0,
				3.567,
				0,
				1,
				3.75,
				0,
				3.933,
				0,
				4.117,
				0
			]
		},
		{
			"Target": "Parameter",
			"Id": "Param55",
			"Segments": [
				0,
				0,
				1,
				0.033,
				0,
				0.067,
				0,
				0.1,
				0,
				1,
				0.194,
				0,
				0.289,
				3.35,
				0.383,
				5.701,
				1,
				0.411,
				6.392,
				0.439,
				5.862,
				0.467,
				6.631,
				1,
				0.633,
				11.249,
				0.8,
				16,
				0.967,
				16,
				1,
				1.5,
				16,
				2.033,
				16,
				2.567,
				16,
				1,
				2.75,
				16,
				2.933,
				-2,
				3.117,
				-2,
				1,
				3.2,
				-2,
				3.283,
				1,
				3.367,
				1,
				1,
				3.433,
				1,
				3.5,
				0,
				3.567,
				0,
				1,
				3.75,
				0,
				3.933,
				0,
				4.117,
				0
			]
		},
		{
			"Target": "Parameter",
			"Id": "Param54",
			"Segments": [
				0,
				0,
				1,
				0.1,
				0,
				0.2,
				2.386,
				0.3,
				5.486,
				1,
				0.328,
				6.347,
				0.356,
				5.547,
				0.383,
				7.175,
				1,
				0.522,
				15.315,
				0.661,
				29.857,
				0.8,
				29.857,
				1,
				0.928,
				29.857,
				1.056,
				28.124,
				1.183,
				28.124,
				1,
				1.628,
				28.124,
				2.072,
				28.124,
				2.517,
				28.124,
				1,
				2.6,
				28.124,
				2.683,
				19.562,
				2.767,
				11.596,
				1,
				2.878,
				0.975,
				2.989,
				-1.769,
				3.1,
				-1.769,
				1,
				3.183,
				-1.769,
				3.267,
				0.653,
				3.35,
				0.653,
				1,
				3.422,
				0.653,
				3.494,
				0,
				3.567,
				0,
				1,
				3.75,
				0,
				3.933,
				0,
				4.117,
				0
			]
		},
		{
			"Target": "Parameter",
			"Id": "Param39",
			"Segments": [
				0,
				0,
				1,
				0.106,
				0,
				0.211,
				1.342,
				0.317,
				1.342,
				1,
				0.5,
				1.342,
				0.683,
				-16.007,
				0.867,
				-16.007,
				1,
				1.072,
				-16.007,
				1.278,
				-15,
				1.483,
				-15,
				1,
				1.767,
				-15,
				2.05,
				-15,
				2.333,
				-15,
				1,
				2.428,
				-15,
				2.522,
				-16.174,
				2.617,
				-16.174,
				1,
				2.772,
				-16.174,
				2.928,
				1.793,
				3.083,
				1.793,
				1,
				3.222,
				1.793,
				3.361,
				0,
				3.5,
				0,
				1,
				3.706,
				0,
				3.911,
				0,
				4.117,
				0
			]
		},
		{
			"Target": "Parameter",
			"Id": "Param51",
			"Segments": [
				0,
				0,
				1,
				0.106,
				0,
				0.211,
				0,
				0.317,
				0,
				1,
				0.489,
				0,
				0.661,
				-4.7,
				0.833,
				-4.7,
				1,
				1.411,
				-4.7,
				1.989,
				-4.7,
				2.567,
				-4.7,
				1,
				2.761,
				-4.7,
				2.956,
				0,
				3.15,
				0,
				1,
				3.472,
				0,
				3.794,
				0,
				4.117,
				0
			]
		},
		{
			"Target": "Parameter",
			"Id": "Param40",
			"Segments": [
				0,
				0,
				1,
				0.017,
				0,
				0.033,
				0,
				0.05,
				0,
				1,
				0.15,
				0,
				0.25,
				2.952,
				0.35,
				2.952,
				1,
				0.467,
				2.952,
				0.583,
				-1.533,
				0.7,
				-5.857,
				1,
				0.778,
				-8.739,
				0.856,
				-9,
				0.933,
				-9,
				1,
				1.072,
				-9,
				1.211,
				-8,
				1.35,
				-8,
				1,
				1.711,
				-8,
				2.072,
				-8,
				2.433,
				-8,
				1,
				2.517,
				-8,
				2.6,
				-8.61,
				2.683,
				-8.61,
				1,
				2.889,
				-8.61,
				3.094,
				0,
				3.3,
				0,
				1,
				3.572,
				0,
				3.844,
				0,
				4.117,
				0
			]
		},
		{
			"Target": "Parameter",
			"Id": "Param53",
			"Segments": [
				0,
				0,
				1,
				0.072,
				0,
				0.144,
				0,
				0.217,
				0,
				1,
				0.444,
				0,
				0.672,
				-2,
				0.9,
				-2,
				1,
				1.456,
				-2,
				2.011,
				-2,
				2.567,
				-2,
				1,
				2.761,
				-2,
				2.956,
				0,
				3.15,
				0,
				1,
				3.472,
				0,
				3.794,
				0,
				4.117,
				0
			]
		},
		{
			"Target": "Parameter",
			"Id": "Param41",
			"Segments": [
				0,
				0,
				1,
				0.094,
				0,
				0.189,
				0,
				0.283,
				0,
				1,
				0.417,
				0,
				0.55,
				6,
				0.683,
				6,
				1,
				0.767,
				6,
				0.85,
				4,
				0.933,
				4,
				1,
				1.456,
				4,
				1.978,
				4,
				2.5,
				4,
				1,
				2.583,
				4,
				2.667,
				6.744,
				2.75,
				6.744,
				1,
				2.933,
				6.744,
				3.117,
				1.453,
				3.3,
				0.327,
				1,
				3.389,
				-0.219,
				3.478,
				0,
				3.567,
				0,
				1,
				3.75,
				0,
				3.933,
				0,
				4.117,
				0
			]
		},
		{
			"Target": "Parameter",
			"Id": "Param56",
			"Segments": [
				0,
				0,
				1,
				0.033,
				0,
				0.067,
				0,
				0.1,
				0,
				1,
				0.178,
				0,
				0.256,
				2.398,
				0.333,
				4.712,
				1,
				0.378,
				6.034,
				0.422,
				5.781,
				0.467,
				7.46,
				1,
				0.656,
				14.598,
				0.844,
				21,
				1.033,
				21,
				1,
				1.544,
				21,
				2.056,
				21,
				2.567,
				21,
				1,
				2.75,
				21,
				2.933,
				-2,
				3.117,
				-2,
				1,
				3.2,
				-2,
				3.283,
				1,
				3.367,
				1,
				1,
				3.433,
				1,
				3.5,
				0,
				3.567,
				0,
				1,
				3.75,
				0,
				3.933,
				0,
				4.117,
				0
			]
		},
		{
			"Target": "Parameter",
			"Id": "Param57",
			"Segments": [
				0,
				0,
				1,
				0.083,
				0,
				0.167,
				2.445,
				0.25,
				3.711,
				1,
				0.311,
				4.639,
				0.372,
				4.022,
				0.433,
				5.4,
				1,
				0.572,
				8.531,
				0.711,
				20.958,
				0.85,
				20.958,
				1,
				0.961,
				20.958,
				1.072,
				20,
				1.183,
				20,
				1,
				1.606,
				20,
				2.028,
				20,
				2.45,
				20,
				1,
				2.517,
				20,
				2.583,
				17.009,
				2.65,
				10.35,
				1,
				2.75,
				0.361,
				2.85,
				-4.996,
				2.95,
				-4.996,
				1,
				3.156,
				-4.996,
				3.361,
				0,
				3.567,
				0,
				1,
				3.75,
				0,
				3.933,
				0,
				4.117,
				0
			]
		},
		{
			"Target": "Parameter",
			"Id": "Param2",
			"Segments": [
				0,
				0,
				1,
				1.372,
				0,
				2.744,
				0,
				4.117,
				0
			]
		},
		{
			"Target": "Parameter",
			"Id": "Param3",
			"Segments": [
				0,
				0,
				1,
				1.372,
				0,
				2.744,
				0,
				4.117,
				0
			]
		},
		{
			"Target": "Parameter",
			"Id": "Param4",
			"Segments": [
				0,
				0,
				1,
				1.372,
				0,
				2.744,
				0,
				4.117,
				0
			]
		}
	]
}