{
	"Version": 3,
	"Meta": {
		"Duration": 4,
		"Fps": 60.0,
		"FadeInTime": 0.5,
		"FadeOutTime": 0.8,
		"Loop": true,
		"AreBeziersRestricted": false,
		"CurveCount": 50,
		"TotalSegmentCount": 284,
		"TotalPointCount": 902,
		"UserDataCount": 0,
		"TotalUserDataSize": 0
	},
	"Curves": [
		{
			"Target": "Parameter",
			"Id": "ParamAngleX",
			"Segments": [
				0,
				0,
				1,
				0.033,
				0,
				0.067,
				0,
				0.1,
				0,
				1,
				0.217,
				0,
				0.333,
				-6.239,
				0.45,
				-10.423,
				1,
				0.567,
				-14.608,
				0.683,
				-15,
				0.8,
				-15,
				1,
				1.228,
				-15,
				1.656,
				-15,
				2.083,
				-15,
				1,
				2.417,
				-15,
				2.75,
				0,
				3.083,
				0,
				1,
				3.389,
				0,
				3.694,
				0,
				4,
				0
			]
		},
		{
			"Target": "Parameter",
			"Id": "ParamAngleY",
			"Segments": [
				0,
				0,
				1,
				0.061,
				0,
				0.122,
				2,
				0.183,
				2,
				1,
				0.361,
				2,
				0.539,
				-21.878,
				0.717,
				-21.878,
				1,
				0.811,
				-21.878,
				0.906,
				-20,
				1,
				-20,
				1,
				1.361,
				-20,
				1.722,
				-20,
				2.083,
				-20,
				1,
				2.2,
				-20,
				2.317,
				-24,
				2.433,
				-24,
				1,
				2.539,
				-24,
				2.644,
				-16.389,
				2.75,
				-6.091,
				1,
				2.817,
				0.414,
				2.883,
				2,
				2.95,
				2,
				1,
				3.056,
				2,
				3.161,
				-0.945,
				3.267,
				-0.945,
				1,
				3.417,
				-0.945,
				3.567,
				0,
				3.717,
				0,
				1,
				3.811,
				0,
				3.906,
				0,
				4,
				0
			]
		},
		{
			"Target": "Parameter",
			"Id": "ParamAngleZ",
			"Segments": [
				0,
				0,
				1,
				0.183,
				0,
				0.367,
				7.207,
				0.55,
				7.207,
				1,
				0.683,
				7.207,
				0.817,
				7,
				0.95,
				7,
				1,
				1.328,
				7,
				1.706,
				7,
				2.083,
				7,
				1,
				2.206,
				7,
				2.328,
				8,
				2.45,
				8,
				1,
				2.567,
				8,
				2.683,
				4.863,
				2.8,
				2.441,
				1,
				2.917,
				0.018,
				3.033,
				-0.276,
				3.15,
				-0.276,
				1,
				3.272,
				-0.276,
				3.394,
				0,
				3.517,
				0,
				1,
				3.678,
				0,
				3.839,
				0,
				4,
				0
			]
		},
		{
			"Target": "Parameter",
			"Id": "Param",
			"Segments": [
				0,
				0,
				1,
				1.028,
				0,
				2.056,
				0,
				3.083,
				0,
				1,
				3.389,
				0,
				3.694,
				0,
				4,
				0
			]
		},
		{
			"Target": "Parameter",
			"Id": "ParamEyeLOpen",
			"FadeInTime": 0.3,
			"Segments": [
				0,
				1,
				1,
				0.111,
				1,
				0.222,
				1,
				0.333,
				1,
				1,
				0.378,
				1,
				0.422,
				0,
				0.467,
				0,
				1,
				0.983,
				0,
				1.5,
				0,
				2.017,
				0,
				1,
				2.061,
				0,
				2.106,
				1,
				2.15,
				1,
				1,
				2.194,
				1,
				2.239,
				1,
				2.283,
				1,
				1,
				2.328,
				1,
				2.372,
				0,
				2.417,
				0,
				1,
				2.439,
				0,
				2.461,
				0,
				2.483,
				0,
				1,
				2.539,
				0,
				2.594,
				1,
				2.65,
				1,
				1,
				3.1,
				1,
				3.55,
				1,
				4,
				1
			]
		},
		{
			"Target": "Parameter",
			"Id": "ParamEyeLSmile",
			"FadeInTime": 0.3,
			"Segments": [
				0,
				0,
				1,
				0.106,
				0,
				0.211,
				0,
				0.317,
				0,
				1,
				0.322,
				0,
				0.328,
				1,
				0.333,
				1,
				1,
				0.939,
				1,
				1.544,
				1,
				2.15,
				1,
				1,
				2.156,
				1,
				2.161,
				0,
				2.167,
				0,
				1,
				2.778,
				0,
				3.389,
				0,
				4,
				0
			]
		},
		{
			"Target": "Parameter",
			"Id": "ParamEyeROpen",
			"FadeInTime": 0.3,
			"Segments": [
				0,
				1,
				1,
				0.111,
				1,
				0.222,
				1,
				0.333,
				1,
				1,
				0.378,
				1,
				0.422,
				1,
				0.467,
				1,
				1,
				1.072,
				1,
				1.678,
				1,
				2.283,
				1,
				1,
				2.328,
				1,
				2.372,
				0,
				2.417,
				0,
				1,
				2.439,
				0,
				2.461,
				0,
				2.483,
				0,
				1,
				2.539,
				0,
				2.594,
				1,
				2.65,
				1,
				1,
				3.1,
				1,
				3.55,
				1,
				4,
				1
			]
		},
		{
			"Target": "Parameter",
			"Id": "ParamEyeRSmile",
			"FadeInTime": 0.3,
			"Segments": [
				0,
				0,
				1,
				0.106,
				0,
				0.211,
				0,
				0.317,
				0,
				1,
				0.322,
				0,
				0.328,
				1,
				0.333,
				1,
				1,
				0.939,
				1,
				1.544,
				1,
				2.15,
				1,
				1,
				2.156,
				1,
				2.161,
				0,
				2.167,
				0,
				1,
				2.778,
				0,
				3.389,
				0,
				4,
				0
			]
		},
		{
			"Target": "Parameter",
			"Id": "ParamEyeBallX",
			"Segments": [
				0,
				0,
				1,
				1.333,
				0,
				2.667,
				0,
				4,
				0
			]
		},
		{
			"Target": "Parameter",
			"Id": "ParamEyeBallY",
			"Segments": [
				0,
				0,
				1,
				1.333,
				0,
				2.667,
				0,
				4,
				0
			]
		},
		{
			"Target": "Parameter",
			"Id": "Param42",
			"Segments": [
				0,
				0,
				1,
				1.333,
				0,
				2.667,
				0,
				4,
				0
			]
		},
		{
			"Target": "Parameter",
			"Id": "Param45",
			"Segments": [
				0,
				0,
				1,
				1.333,
				0,
				2.667,
				0,
				4,
				0
			]
		},
		{
			"Target": "Parameter",
			"Id": "ParamBrowLY",
			"Segments": [
				0,
				0,
				1,
				0.111,
				0,
				0.222,
				0,
				0.333,
				0,
				1,
				0.389,
				0,
				0.444,
				-0.2,
				0.5,
				-0.2,
				1,
				1.056,
				-0.2,
				1.611,
				-0.2,
				2.167,
				-0.2,
				1,
				2.244,
				-0.2,
				2.322,
				0,
				2.4,
				0,
				1,
				2.933,
				0,
				3.467,
				0,
				4,
				0
			]
		},
		{
			"Target": "Parameter",
			"Id": "ParamBrowRY",
			"Segments": [
				0,
				0,
				1,
				0.111,
				0,
				0.222,
				0,
				0.333,
				0,
				1,
				0.389,
				0,
				0.444,
				-0.1,
				0.5,
				-0.1,
				1,
				1.056,
				-0.1,
				1.611,
				-0.1,
				2.167,
				-0.1,
				1,
				2.244,
				-0.1,
				2.322,
				0,
				2.4,
				0,
				1,
				2.933,
				0,
				3.467,
				0,
				4,
				0
			]
		},
		{
			"Target": "Parameter",
			"Id": "ParamBrowLX",
			"Segments": [
				0,
				0,
				1,
				0.111,
				0,
				0.222,
				0,
				0.333,
				0,
				1,
				0.389,
				0,
				0.444,
				0.2,
				0.5,
				0.2,
				1,
				1.056,
				0.2,
				1.611,
				0.2,
				2.167,
				0.2,
				1,
				2.244,
				0.2,
				2.322,
				0,
				2.4,
				0,
				1,
				2.933,
				0,
				3.467,
				0,
				4,
				0
			]
		},
		{
			"Target": "Parameter",
			"Id": "ParamBrowRX",
			"Segments": [
				0,
				0,
				1,
				0.111,
				0,
				0.222,
				0,
				0.333,
				0,
				1,
				0.389,
				0,
				0.444,
				0.1,
				0.5,
				0.1,
				1,
				1.056,
				0.1,
				1.611,
				0.1,
				2.167,
				0.1,
				1,
				2.244,
				0.1,
				2.322,
				0,
				2.4,
				0,
				1,
				2.933,
				0,
				3.467,
				0,
				4,
				0
			]
		},
		{
			"Target": "Parameter",
			"Id": "ParamBrowLAngle",
			"Segments": [
				0,
				0,
				1,
				0.111,
				0,
				0.222,
				0,
				0.333,
				0,
				1,
				0.389,
				0,
				0.444,
				0.2,
				0.5,
				0.2,
				1,
				1.056,
				0.2,
				1.611,
				0.2,
				2.167,
				0.2,
				1,
				2.244,
				0.2,
				2.322,
				0,
				2.4,
				0,
				1,
				2.933,
				0,
				3.467,
				0,
				4,
				0
			]
		},
		{
			"Target": "Parameter",
			"Id": "ParamBrowRAngle",
			"Segments": [
				0,
				0,
				1,
				0.111,
				0,
				0.222,
				0,
				0.333,
				0,
				1,
				0.389,
				0,
				0.444,
				0,
				0.5,
				0,
				1,
				1.056,
				0,
				1.611,
				0,
				2.167,
				0,
				1,
				2.244,
				0,
				2.322,
				0,
				2.4,
				0,
				1,
				2.933,
				0,
				3.467,
				0,
				4,
				0
			]
		},
		{
			"Target": "Parameter",
			"Id": "ParamBrowLForm",
			"Segments": [
				0,
				0,
				1,
				0.111,
				0,
				0.222,
				0,
				0.333,
				0,
				1,
				0.389,
				0,
				0.444,
				1,
				0.5,
				1,
				1,
				1.056,
				1,
				1.611,
				1,
				2.167,
				1,
				1,
				2.244,
				1,
				2.322,
				0,
				2.4,
				0,
				1,
				2.933,
				0,
				3.467,
				0,
				4,
				0
			]
		},
		{
			"Target": "Parameter",
			"Id": "ParamBrowRForm",
			"Segments": [
				0,
				0,
				1,
				0.111,
				0,
				0.222,
				0,
				0.333,
				0,
				1,
				0.389,
				0,
				0.444,
				0,
				0.5,
				0,
				1,
				1.056,
				0,
				1.611,
				0,
				2.167,
				0,
				1,
				2.244,
				0,
				2.322,
				0,
				2.4,
				0,
				1,
				2.933,
				0,
				3.467,
				0,
				4,
				0
			]
		},
		{
			"Target": "Parameter",
			"Id": "ParamMouthForm",
			"Segments": [
				0,
				0,
				1,
				1.333,
				0,
				2.667,
				0,
				4,
				0
			]
		},
		{
			"Target": "Parameter",
			"Id": "ParamMouthOpenY",
			"Segments": [
				0,
				0,
				1,
				0.122,
				0,
				0.244,
				0,
				0.367,
				0,
				1,
				0.417,
				0,
				0.467,
				1,
				0.517,
				1,
				1,
				1.039,
				1,
				1.561,
				1,
				2.083,
				1,
				1,
				2.206,
				1,
				2.328,
				0,
				2.45,
				0,
				1,
				2.967,
				0,
				3.483,
				0,
				4,
				0
			]
		},
		{
			"Target": "Parameter",
			"Id": "Param47",
			"Segments": [
				0,
				0,
				1,
				1.333,
				0,
				2.667,
				0,
				4,
				0
			]
		},
		{
			"Target": "Parameter",
			"Id": "Param46",
			"Segments": [
				0,
				2,
				1,
				1.028,
				2,
				2.056,
				2,
				3.083,
				2,
				1,
				3.389,
				2,
				3.694,
				2,
				4,
				2
			]
		},
		{
			"Target": "Parameter",
			"Id": "ParamBodyAngleX",
			"Segments": [
				0,
				0,
				1,
				0.056,
				0,
				0.111,
				0,
				0.167,
				0,
				1,
				0.294,
				0,
				0.422,
				-3.816,
				0.55,
				-6.252,
				1,
				0.644,
				-8.053,
				0.739,
				-8,
				0.833,
				-8,
				1,
				1.25,
				-8,
				1.667,
				-8,
				2.083,
				-8,
				1,
				2.283,
				-8,
				2.483,
				-4.919,
				2.683,
				-2.641,
				1,
				2.794,
				-1.375,
				2.906,
				-0.603,
				3.017,
				-0.333,
				1,
				3.156,
				0.004,
				3.294,
				0,
				3.433,
				0,
				1,
				3.622,
				0,
				3.811,
				0,
				4,
				0
			]
		},
		{
			"Target": "Parameter",
			"Id": "ParamBodyAngleY",
			"Segments": [
				0,
				0,
				1,
				0.094,
				0,
				0.189,
				4.225,
				0.283,
				4.225,
				1,
				0.422,
				4.225,
				0.561,
				-7.729,
				0.7,
				-7.729,
				1,
				0.8,
				-7.729,
				0.9,
				-5.347,
				1,
				-5,
				1,
				1.172,
				-4.403,
				1.344,
				-4.39,
				1.517,
				-4.39,
				1,
				1.689,
				-4.39,
				1.861,
				-4.439,
				2.033,
				-5,
				1,
				2.128,
				-5.307,
				2.222,
				-6.499,
				2.317,
				-6.499,
				1,
				2.4,
				-6.499,
				2.483,
				-1.523,
				2.567,
				1.899,
				1,
				2.633,
				4.637,
				2.7,
				4.736,
				2.767,
				4.736,
				1,
				2.928,
				4.736,
				3.089,
				-1.345,
				3.25,
				-1.345,
				1,
				3.411,
				-1.345,
				3.572,
				0,
				3.733,
				0,
				1,
				3.822,
				0,
				3.911,
				0,
				4,
				0
			]
		},
		{
			"Target": "Parameter",
			"Id": "ParamBodyAngleZ",
			"Segments": [
				0,
				0,
				1,
				0.122,
				0,
				0.244,
				3.501,
				0.367,
				4.294,
				1,
				0.567,
				5.59,
				0.767,
				6.865,
				0.967,
				7,
				1,
				1.15,
				7.123,
				1.333,
				7.096,
				1.517,
				7.096,
				1,
				1.706,
				7.096,
				1.894,
				7.103,
				2.083,
				7,
				1,
				2.206,
				6.933,
				2.328,
				5.038,
				2.45,
				3.315,
				1,
				2.556,
				1.826,
				2.661,
				-0.947,
				2.767,
				-0.947,
				1,
				2.889,
				-0.947,
				3.011,
				-0.499,
				3.133,
				-0.297,
				1,
				3.3,
				-0.022,
				3.467,
				0,
				3.633,
				0,
				1,
				3.756,
				0,
				3.878,
				0,
				4,
				0
			]
		},
		{
			"Target": "Parameter",
			"Id": "Param49",
			"Segments": [
				0,
				0,
				1,
				0.106,
				0,
				0.211,
				2,
				0.317,
				2,
				1,
				0.439,
				2,
				0.561,
				-0.844,
				0.683,
				-0.844,
				1,
				0.778,
				-0.844,
				0.872,
				0,
				0.967,
				0,
				1,
				1.283,
				0,
				1.6,
				0,
				1.917,
				0,
				1,
				2.078,
				0,
				2.239,
				-1,
				2.4,
				-1,
				1,
				2.533,
				-1,
				2.667,
				1.191,
				2.8,
				1.191,
				1,
				2.894,
				1.191,
				2.989,
				-0.453,
				3.083,
				-0.453,
				1,
				3.206,
				-0.453,
				3.328,
				0,
				3.45,
				0,
				1,
				3.633,
				0,
				3.817,
				0,
				4,
				0
			]
		},
		{
			"Target": "Parameter",
			"Id": "Param48",
			"Segments": [
				0,
				0,
				1,
				0.106,
				0,
				0.211,
				2,
				0.317,
				2,
				1,
				0.439,
				2,
				0.561,
				-0.844,
				0.683,
				-0.844,
				1,
				0.778,
				-0.844,
				0.872,
				0,
				0.967,
				0,
				1,
				1.283,
				0,
				1.6,
				0,
				1.917,
				0,
				1,
				2.078,
				0,
				2.239,
				-1,
				2.4,
				-1,
				1,
				2.533,
				-1,
				2.667,
				1.191,
				2.8,
				1.191,
				1,
				2.894,
				1.191,
				2.989,
				-0.453,
				3.083,
				-0.453,
				1,
				3.206,
				-0.453,
				3.328,
				0,
				3.45,
				0,
				1,
				3.633,
				0,
				3.817,
				0,
				4,
				0
			]
		},
		{
			"Target": "Parameter",
			"Id": "Param37",
			"Segments": [
				0,
				0,
				1,
				0.122,
				0,
				0.244,
				5.941,
				0.367,
				8.626,
				1,
				0.578,
				13.264,
				0.789,
				14,
				1,
				14,
				1,
				1.361,
				14,
				1.722,
				14,
				2.083,
				14,
				1,
				2.194,
				14,
				2.306,
				18.326,
				2.417,
				18.326,
				1,
				2.528,
				18.326,
				2.639,
				11.239,
				2.75,
				6.047,
				1,
				2.889,
				-0.442,
				3.028,
				-1.613,
				3.167,
				-1.613,
				1,
				3.278,
				-1.613,
				3.389,
				0,
				3.5,
				0,
				1,
				3.667,
				0,
				3.833,
				0,
				4,
				0
			]
		},
		{
			"Target": "Parameter",
			"Id": "ParamBreath",
			"Segments": [
				0,
				0,
				1,
				0.622,
				0,
				1.244,
				1,
				1.867,
				1,
				1,
				1.95,
				1,
				2.033,
				1,
				2.117,
				1,
				1,
				2.439,
				1,
				2.761,
				0,
				3.083,
				0,
				1,
				3.389,
				0,
				3.694,
				0.041,
				4,
				0.254
			]
		},
		{
			"Target": "Parameter",
			"Id": "Param34",
			"Segments": [
				0,
				0,
				1,
				0.089,
				0,
				0.178,
				0,
				0.267,
				0,
				1,
				0.45,
				0,
				0.633,
				-6,
				0.817,
				-6,
				1,
				1.333,
				-6,
				1.85,
				-6,
				2.367,
				-6,
				1,
				2.606,
				-6,
				2.844,
				0,
				3.083,
				0,
				1,
				3.389,
				0,
				3.694,
				0,
				4,
				0
			]
		},
		{
			"Target": "Parameter",
			"Id": "Param33",
			"Segments": [
				0,
				0,
				1,
				0.089,
				0,
				0.178,
				0,
				0.267,
				0,
				1,
				0.45,
				0,
				0.633,
				-1,
				0.817,
				-1,
				1,
				1.333,
				-1,
				1.85,
				-1,
				2.367,
				-1,
				1,
				2.606,
				-1,
				2.844,
				0,
				3.083,
				0,
				1,
				3.389,
				0,
				3.694,
				0,
				4,
				0
			]
		},
		{
			"Target": "Parameter",
			"Id": "Param35",
			"Segments": [
				0,
				0,
				1,
				0.028,
				0,
				0.056,
				0,
				0.083,
				0,
				1,
				0.178,
				0,
				0.272,
				-1.215,
				0.367,
				-5.429,
				1,
				0.483,
				-10.635,
				0.6,
				-14.48,
				0.717,
				-14.48,
				1,
				0.85,
				-14.48,
				0.983,
				-14,
				1.117,
				-14,
				1,
				1.422,
				-14,
				1.728,
				-14,
				2.033,
				-14,
				1,
				2.15,
				-14,
				2.267,
				-15.063,
				2.383,
				-15.063,
				1,
				2.544,
				-15.063,
				2.706,
				2.56,
				2.867,
				2.56,
				1,
				2.95,
				2.56,
				3.033,
				1.211,
				3.117,
				0.486,
				1,
				3.178,
				-0.046,
				3.239,
				0,
				3.3,
				0,
				1,
				3.533,
				0,
				3.767,
				0,
				4,
				0
			]
		},
		{
			"Target": "Parameter",
			"Id": "Param50",
			"Segments": [
				0,
				0,
				1,
				0.267,
				0,
				0.533,
				-2.6,
				0.8,
				-2.6,
				1,
				1.211,
				-2.6,
				1.622,
				-2.6,
				2.033,
				-2.6,
				1,
				2.2,
				-2.6,
				2.367,
				-2.639,
				2.533,
				-2.08,
				1,
				2.717,
				-1.466,
				2.9,
				0,
				3.083,
				0,
				1,
				3.389,
				0,
				3.694,
				0,
				4,
				0
			]
		},
		{
			"Target": "Parameter",
			"Id": "Param36",
			"Segments": [
				0,
				0,
				1,
				0.111,
				0,
				0.222,
				-0.201,
				0.333,
				-2.571,
				1,
				0.422,
				-4.468,
				0.511,
				-11.252,
				0.6,
				-13.939,
				1,
				0.672,
				-16.123,
				0.744,
				-16.378,
				0.817,
				-16.378,
				1,
				0.933,
				-16.378,
				1.05,
				-16,
				1.167,
				-16,
				1,
				1.467,
				-16,
				1.767,
				-16,
				2.067,
				-16,
				1,
				2.183,
				-16,
				2.3,
				-18,
				2.417,
				-18,
				1,
				2.511,
				-18,
				2.606,
				-15.759,
				2.7,
				-9.329,
				1,
				2.789,
				-3.276,
				2.878,
				1.032,
				2.967,
				1.032,
				1,
				3.056,
				1.032,
				3.144,
				0,
				3.233,
				0,
				1,
				3.489,
				0,
				3.744,
				0,
				4,
				0
			]
		},
		{
			"Target": "Parameter",
			"Id": "Param52",
			"Segments": [
				0,
				0,
				1,
				0.267,
				0,
				0.533,
				-7,
				0.8,
				-7,
				1,
				1.211,
				-7,
				1.622,
				-7,
				2.033,
				-7,
				1,
				2.178,
				-7,
				2.322,
				-7.099,
				2.467,
				-5.613,
				1,
				2.622,
				-4.012,
				2.778,
				0,
				2.933,
				0,
				1,
				3.289,
				0,
				3.644,
				0,
				4,
				0
			]
		},
		{
			"Target": "Parameter",
			"Id": "Param38",
			"Segments": [
				0,
				0,
				1,
				0.106,
				0,
				0.211,
				0.069,
				0.317,
				0.969,
				1,
				0.411,
				1.774,
				0.506,
				4.27,
				0.6,
				5.303,
				1,
				0.678,
				6.154,
				0.756,
				6.253,
				0.833,
				6.253,
				1,
				0.961,
				6.253,
				1.089,
				6,
				1.217,
				6,
				1,
				1.522,
				6,
				1.828,
				6,
				2.133,
				6,
				1,
				2.239,
				6,
				2.344,
				6.085,
				2.45,
				4.764,
				1,
				2.55,
				3.512,
				2.65,
				-0.689,
				2.75,
				-0.689,
				1,
				2.922,
				-0.689,
				3.094,
				0,
				3.267,
				0,
				1,
				3.511,
				0,
				3.756,
				0,
				4,
				0
			]
		},
		{
			"Target": "Parameter",
			"Id": "Param55",
			"Segments": [
				0,
				0,
				1,
				0.111,
				0,
				0.222,
				0,
				0.333,
				0,
				1,
				0.45,
				0,
				0.567,
				16,
				0.683,
				16,
				1,
				1.156,
				16,
				1.628,
				16,
				2.1,
				16,
				1,
				2.189,
				16,
				2.278,
				16.435,
				2.367,
				11.474,
				1,
				2.517,
				3.102,
				2.667,
				-10.812,
				2.817,
				-10.812,
				1,
				2.9,
				-10.812,
				2.983,
				-6.575,
				3.067,
				-3.47,
				1,
				3.15,
				-0.364,
				3.233,
				0,
				3.317,
				0,
				1,
				3.544,
				0,
				3.772,
				0,
				4,
				0
			]
		},
		{
			"Target": "Parameter",
			"Id": "Param54",
			"Segments": [
				0,
				0,
				1,
				0.094,
				0,
				0.189,
				0,
				0.283,
				0,
				1,
				0.4,
				0,
				0.517,
				30,
				0.633,
				30,
				1,
				1.1,
				30,
				1.567,
				30,
				2.033,
				30,
				1,
				2.122,
				30,
				2.211,
				29.914,
				2.3,
				21.975,
				1,
				2.45,
				8.579,
				2.6,
				-7.791,
				2.75,
				-7.791,
				1,
				2.822,
				-7.791,
				2.894,
				-5.623,
				2.967,
				-3.498,
				1,
				3.061,
				-0.72,
				3.156,
				0,
				3.25,
				0,
				1,
				3.5,
				0,
				3.75,
				0,
				4,
				0
			]
		},
		{
			"Target": "Parameter",
			"Id": "Param39",
			"Segments": [
				0,
				0,
				1,
				0.1,
				0,
				0.2,
				3.297,
				0.3,
				3.297,
				1,
				0.467,
				3.297,
				0.633,
				0.52,
				0.8,
				0.52,
				1,
				0.933,
				0.52,
				1.067,
				0.56,
				1.2,
				0.56,
				1,
				1.478,
				0.56,
				1.756,
				0.56,
				2.033,
				0.56,
				1,
				2.156,
				0.56,
				2.278,
				-2.132,
				2.4,
				-2.132,
				1,
				2.572,
				-2.132,
				2.744,
				1,
				2.917,
				1,
				1,
				3.061,
				1,
				3.206,
				0,
				3.35,
				0,
				1,
				3.567,
				0,
				3.783,
				0,
				4,
				0
			]
		},
		{
			"Target": "Parameter",
			"Id": "Param51",
			"Segments": [
				0,
				0,
				1,
				0.267,
				0,
				0.533,
				-2.5,
				0.8,
				-2.5,
				1,
				1.211,
				-2.5,
				1.622,
				-2.5,
				2.033,
				-2.5,
				1,
				2.211,
				-2.5,
				2.389,
				-2.54,
				2.567,
				-2.321,
				1,
				2.739,
				-2.109,
				2.911,
				0,
				3.083,
				0,
				1,
				3.389,
				0,
				3.694,
				0,
				4,
				0
			]
		},
		{
			"Target": "Parameter",
			"Id": "Param40",
			"Segments": [
				0,
				0,
				1,
				0.022,
				0,
				0.044,
				0,
				0.067,
				0,
				1,
				0.178,
				0,
				0.289,
				-0.913,
				0.4,
				-3.174,
				1,
				0.528,
				-5.773,
				0.656,
				-7.321,
				0.783,
				-7.321,
				1,
				0.889,
				-7.321,
				0.994,
				-7,
				1.1,
				-7,
				1,
				1.422,
				-7,
				1.744,
				-7,
				2.067,
				-7,
				1,
				2.189,
				-7,
				2.311,
				-7.53,
				2.433,
				-7.53,
				1,
				2.517,
				-7.53,
				2.6,
				-5.099,
				2.683,
				-2.101,
				1,
				2.75,
				0.297,
				2.817,
				0.876,
				2.883,
				0.876,
				1,
				3.028,
				0.876,
				3.172,
				0,
				3.317,
				0,
				1,
				3.544,
				0,
				3.772,
				0,
				4,
				0
			]
		},
		{
			"Target": "Parameter",
			"Id": "Param53",
			"Segments": [
				0,
				0,
				1,
				0.267,
				0,
				0.533,
				-8,
				0.8,
				-8,
				1,
				1.211,
				-8,
				1.622,
				-8,
				2.033,
				-8,
				1,
				2.183,
				-8,
				2.333,
				-8.202,
				2.483,
				-6.728,
				1,
				2.683,
				-4.762,
				2.883,
				0,
				3.083,
				0,
				1,
				3.389,
				0,
				3.694,
				0,
				4,
				0
			]
		},
		{
			"Target": "Parameter",
			"Id": "Param41",
			"Segments": [
				0,
				0,
				1,
				0.083,
				0,
				0.167,
				-0.349,
				0.25,
				1.853,
				1,
				0.4,
				5.816,
				0.55,
				12.926,
				0.7,
				12.926,
				1,
				0.828,
				12.926,
				0.956,
				11.931,
				1.083,
				11.931,
				1,
				1.433,
				11.931,
				1.783,
				11.931,
				2.133,
				11.931,
				1,
				2.239,
				11.931,
				2.344,
				11.745,
				2.45,
				9.925,
				1,
				2.533,
				8.488,
				2.617,
				4.343,
				2.7,
				1.799,
				1,
				2.767,
				-0.237,
				2.833,
				-1.041,
				2.9,
				-1.041,
				1,
				3.006,
				-1.041,
				3.111,
				0,
				3.217,
				0,
				1,
				3.478,
				0,
				3.739,
				0,
				4,
				0
			]
		},
		{
			"Target": "Parameter",
			"Id": "Param56",
			"Segments": [
				0,
				0,
				1,
				0.094,
				0,
				0.189,
				0,
				0.283,
				0,
				1,
				0.4,
				0,
				0.517,
				6.482,
				0.633,
				6.482,
				1,
				1.128,
				6.482,
				1.622,
				6.482,
				2.117,
				6.482,
				1,
				2.228,
				6.482,
				2.339,
				6.943,
				2.45,
				6.943,
				1,
				2.617,
				6.943,
				2.783,
				-3.647,
				2.95,
				-3.647,
				1,
				3.022,
				-3.647,
				3.094,
				-2.208,
				3.167,
				-1.49,
				1,
				3.294,
				-0.219,
				3.422,
				0,
				3.55,
				0,
				1,
				3.7,
				0,
				3.85,
				0,
				4,
				0
			]
		},
		{
			"Target": "Parameter",
			"Id": "Param57",
			"Segments": [
				0,
				0,
				1,
				0.078,
				0,
				0.156,
				0,
				0.233,
				0,
				1,
				0.356,
				0,
				0.478,
				30,
				0.6,
				30,
				1,
				1.078,
				30,
				1.556,
				30,
				2.033,
				30,
				1,
				2.144,
				30,
				2.256,
				29.961,
				2.367,
				22.469,
				1,
				2.5,
				13.477,
				2.633,
				-3.215,
				2.767,
				-3.215,
				1,
				2.839,
				-3.215,
				2.911,
				-1.946,
				2.983,
				-1.313,
				1,
				3.111,
				-0.192,
				3.239,
				0,
				3.367,
				0,
				1,
				3.578,
				0,
				3.789,
				0,
				4,
				0
			]
		},
		{
			"Target": "Parameter",
			"Id": "Param2",
			"Segments": [
				0,
				0,
				1,
				1.333,
				0,
				2.667,
				0,
				4,
				0
			]
		},
		{
			"Target": "Parameter",
			"Id": "Param3",
			"Segments": [
				0,
				0,
				1,
				1.333,
				0,
				2.667,
				0,
				4,
				0
			]
		},
		{
			"Target": "Parameter",
			"Id": "Param4",
			"Segments": [
				0,
				0,
				1,
				1.333,
				0,
				2.667,
				0,
				4,
				0
			]
		}
	]
}