{
	"Version": 3,
	"Meta": {
		"Duration": 3.75,
		"Fps": 60.0,
		"FadeInTime": 0.5,
		"FadeOutTime": 0.5,
		"Loop": true,
		"AreBeziersRestricted": false,
		"CurveCount": 50,
		"TotalSegmentCount": 297,
		"TotalPointCount": 941,
		"UserDataCount": 0,
		"TotalUserDataSize": 0
	},
	"Curves": [
		{
			"Target": "Parameter",
			"Id": "ParamAngleX",
			"Segments": [
				0,
				0,
				1,
				0.133,
				0,
				0.267,
				0,
				0.4,
				0,
				1,
				0.517,
				0,
				0.633,
				1.736,
				0.75,
				2.972,
				1,
				0.844,
				3.973,
				0.939,
				4,
				1.033,
				4,
				1,
				1.494,
				4,
				1.956,
				4,
				2.417,
				4,
				1,
				2.533,
				4,
				2.65,
				2.448,
				2.767,
				0.913,
				1,
				2.833,
				0.036,
				2.9,
				0,
				2.967,
				0,
				1,
				3.228,
				0,
				3.489,
				0,
				3.75,
				0
			]
		},
		{
			"Target": "Parameter",
			"Id": "ParamAngleY",
			"Segments": [
				0,
				0,
				1,
				0.089,
				0,
				0.178,
				0,
				0.267,
				0,
				1,
				0.328,
				0,
				0.389,
				0.646,
				0.45,
				1.171,
				1,
				0.5,
				1.601,
				0.55,
				1.633,
				0.6,
				1.633,
				1,
				0.672,
				1.633,
				0.744,
				-1.34,
				0.817,
				-3.687,
				1,
				0.883,
				-5.853,
				0.95,
				-6.097,
				1.017,
				-6.097,
				1,
				1.111,
				-6.097,
				1.206,
				-3.313,
				1.3,
				-3.313,
				1,
				1.422,
				-3.313,
				1.544,
				-8.373,
				1.667,
				-8.373,
				1,
				1.833,
				-8.373,
				2,
				-5.133,
				2.167,
				-5.133,
				1,
				2.289,
				-5.133,
				2.411,
				-9.225,
				2.533,
				-9.225,
				1,
				2.633,
				-9.225,
				2.733,
				-4.446,
				2.833,
				-2.067,
				1,
				2.922,
				0.048,
				3.011,
				0,
				3.1,
				0,
				1,
				3.317,
				0,
				3.533,
				0,
				3.75,
				0
			]
		},
		{
			"Target": "Parameter",
			"Id": "ParamAngleZ",
			"Segments": [
				0,
				0,
				1,
				0.044,
				0,
				0.089,
				-0.23,
				0.133,
				-0.602,
				1,
				0.183,
				-1.021,
				0.233,
				-1.193,
				0.283,
				-1.193,
				1,
				0.394,
				-1.193,
				0.506,
				0,
				0.617,
				0,
				1,
				0.678,
				0,
				0.739,
				-2.064,
				0.8,
				-3.266,
				1,
				0.872,
				-4.686,
				0.944,
				-4.824,
				1.017,
				-4.824,
				1,
				1.122,
				-4.824,
				1.228,
				-3.72,
				1.333,
				-3.72,
				1,
				1.478,
				-3.72,
				1.622,
				-5.094,
				1.767,
				-5.094,
				1,
				1.872,
				-5.094,
				1.978,
				-3.963,
				2.083,
				-3.963,
				1,
				2.189,
				-3.963,
				2.294,
				-4.824,
				2.4,
				-4.824,
				1,
				2.544,
				-4.824,
				2.689,
				-2.547,
				2.833,
				-1.093,
				1,
				2.944,
				0.025,
				3.056,
				0,
				3.167,
				0,
				1,
				3.361,
				0,
				3.556,
				0,
				3.75,
				0
			]
		},
		{
			"Target": "Parameter",
			"Id": "Param",
			"Segments": [
				0,
				0,
				1,
				1.25,
				0,
				2.5,
				0,
				3.75,
				0
			]
		},
		{
			"Target": "Parameter",
			"Id": "ParamEyeLOpen",
			"FadeInTime": 0.4,
			"Segments": [
				0,
				1,
				1,
				0.161,
				1,
				0.322,
				1,
				0.483,
				1,
				1,
				0.528,
				1,
				0.572,
				1.004,
				0.617,
				0.8,
				1,
				0.65,
				0.647,
				0.683,
				0,
				0.717,
				0,
				1,
				1.383,
				0,
				2.05,
				0,
				2.717,
				0,
				1,
				2.756,
				0,
				2.794,
				0.809,
				2.833,
				0.864,
				1,
				2.922,
				0.99,
				3.011,
				1,
				3.1,
				1,
				1,
				3.317,
				1,
				3.533,
				1,
				3.75,
				1
			]
		},
		{
			"Target": "Parameter",
			"Id": "ParamEyeLSmile",
			"FadeInTime": 0.4,
			"Segments": [
				0,
				0,
				1,
				0.156,
				0,
				0.311,
				0.577,
				0.467,
				0.998,
				1,
				0.472,
				1.013,
				0.478,
				1,
				0.483,
				1,
				1,
				1.356,
				1,
				2.228,
				1,
				3.1,
				1,
				1,
				3.106,
				1,
				3.111,
				0,
				3.117,
				0,
				1,
				3.328,
				0,
				3.539,
				0,
				3.75,
				0
			]
		},
		{
			"Target": "Parameter",
			"Id": "ParamEyeROpen",
			"FadeInTime": 0.4,
			"Segments": [
				0,
				1,
				1,
				0.161,
				1,
				0.322,
				1,
				0.483,
				1,
				1,
				0.528,
				1,
				0.572,
				1.004,
				0.617,
				0.8,
				1,
				0.65,
				0.647,
				0.683,
				0,
				0.717,
				0,
				1,
				1.383,
				0,
				2.05,
				0,
				2.717,
				0,
				1,
				2.756,
				0,
				2.794,
				0.809,
				2.833,
				0.864,
				1,
				2.922,
				0.99,
				3.011,
				1,
				3.1,
				1,
				1,
				3.317,
				1,
				3.533,
				1,
				3.75,
				1
			]
		},
		{
			"Target": "Parameter",
			"Id": "ParamEyeRSmile",
			"FadeInTime": 0.4,
			"Segments": [
				0,
				0,
				1,
				0.156,
				0,
				0.311,
				0,
				0.467,
				0,
				1,
				0.472,
				0,
				0.478,
				1,
				0.483,
				1,
				1,
				1.356,
				1,
				2.228,
				1,
				3.1,
				1,
				1,
				3.106,
				1,
				3.111,
				0,
				3.117,
				0,
				1,
				3.328,
				0,
				3.539,
				0,
				3.75,
				0
			]
		},
		{
			"Target": "Parameter",
			"Id": "ParamEyeBallX",
			"Segments": [
				0,
				0,
				1,
				1.25,
				0,
				2.5,
				0,
				3.75,
				0
			]
		},
		{
			"Target": "Parameter",
			"Id": "ParamEyeBallY",
			"Segments": [
				0,
				0,
				1,
				1.25,
				0,
				2.5,
				0,
				3.75,
				0
			]
		},
		{
			"Target": "Parameter",
			"Id": "Param42",
			"Segments": [
				0,
				0,
				1,
				1.25,
				0,
				2.5,
				0,
				3.75,
				0
			]
		},
		{
			"Target": "Parameter",
			"Id": "Param45",
			"Segments": [
				0,
				0,
				1,
				1.25,
				0,
				2.5,
				0,
				3.75,
				0
			]
		},
		{
			"Target": "Parameter",
			"Id": "ParamBrowLY",
			"Segments": [
				0,
				0,
				1,
				0.161,
				0,
				0.322,
				0,
				0.483,
				0,
				1,
				0.55,
				0,
				0.617,
				-0.2,
				0.683,
				-0.2,
				1,
				1.344,
				-0.2,
				2.006,
				-0.2,
				2.667,
				-0.2,
				1,
				2.75,
				-0.2,
				2.833,
				0,
				2.917,
				0,
				1,
				3.194,
				0,
				3.472,
				0,
				3.75,
				0
			]
		},
		{
			"Target": "Parameter",
			"Id": "ParamBrowRY",
			"Segments": [
				0,
				0,
				1,
				0.161,
				0,
				0.322,
				0,
				0.483,
				0,
				1,
				0.55,
				0,
				0.617,
				-0.2,
				0.683,
				-0.2,
				1,
				1.344,
				-0.2,
				2.006,
				-0.2,
				2.667,
				-0.2,
				1,
				2.75,
				-0.2,
				2.833,
				0,
				2.917,
				0,
				1,
				3.194,
				0,
				3.472,
				0,
				3.75,
				0
			]
		},
		{
			"Target": "Parameter",
			"Id": "ParamBrowLX",
			"Segments": [
				0,
				0,
				1,
				0.161,
				0,
				0.322,
				0,
				0.483,
				0,
				1,
				0.55,
				0,
				0.617,
				0,
				0.683,
				0,
				1,
				1.344,
				0,
				2.006,
				0,
				2.667,
				0,
				1,
				2.75,
				0,
				2.833,
				0,
				2.917,
				0,
				1,
				3.194,
				0,
				3.472,
				0,
				3.75,
				0
			]
		},
		{
			"Target": "Parameter",
			"Id": "ParamBrowRX",
			"Segments": [
				0,
				0,
				1,
				0.161,
				0,
				0.322,
				0,
				0.483,
				0,
				1,
				0.55,
				0,
				0.617,
				0,
				0.683,
				0,
				1,
				1.344,
				0,
				2.006,
				0,
				2.667,
				0,
				1,
				2.75,
				0,
				2.833,
				0,
				2.917,
				0,
				1,
				3.194,
				0,
				3.472,
				0,
				3.75,
				0
			]
		},
		{
			"Target": "Parameter",
			"Id": "ParamBrowLAngle",
			"Segments": [
				0,
				0,
				1,
				0.161,
				0,
				0.322,
				0,
				0.483,
				0,
				1,
				0.55,
				0,
				0.617,
				0,
				0.683,
				0,
				1,
				1.344,
				0,
				2.006,
				0,
				2.667,
				0,
				1,
				2.75,
				0,
				2.833,
				0,
				2.917,
				0,
				1,
				3.194,
				0,
				3.472,
				0,
				3.75,
				0
			]
		},
		{
			"Target": "Parameter",
			"Id": "ParamBrowRAngle",
			"Segments": [
				0,
				0,
				1,
				0.161,
				0,
				0.322,
				0,
				0.483,
				0,
				1,
				0.55,
				0,
				0.617,
				0,
				0.683,
				0,
				1,
				1.344,
				0,
				2.006,
				0,
				2.667,
				0,
				1,
				2.75,
				0,
				2.833,
				0,
				2.917,
				0,
				1,
				3.194,
				0,
				3.472,
				0,
				3.75,
				0
			]
		},
		{
			"Target": "Parameter",
			"Id": "ParamBrowLForm",
			"Segments": [
				0,
				0,
				1,
				0.161,
				0,
				0.322,
				0,
				0.483,
				0,
				1,
				0.55,
				0,
				0.617,
				0,
				0.683,
				0,
				1,
				1.344,
				0,
				2.006,
				0,
				2.667,
				0,
				1,
				2.75,
				0,
				2.833,
				0,
				2.917,
				0,
				1,
				3.194,
				0,
				3.472,
				0,
				3.75,
				0
			]
		},
		{
			"Target": "Parameter",
			"Id": "ParamBrowRForm",
			"Segments": [
				0,
				0,
				1,
				0.161,
				0,
				0.322,
				0,
				0.483,
				0,
				1,
				0.55,
				0,
				0.617,
				0,
				0.683,
				0,
				1,
				1.344,
				0,
				2.006,
				0,
				2.667,
				0,
				1,
				2.75,
				0,
				2.833,
				0,
				2.917,
				0,
				1,
				3.194,
				0,
				3.472,
				0,
				3.75,
				0
			]
		},
		{
			"Target": "Parameter",
			"Id": "ParamMouthForm",
			"Segments": [
				0,
				0,
				1,
				0.161,
				0,
				0.322,
				0,
				0.483,
				0,
				1,
				0.578,
				0,
				0.672,
				0,
				0.767,
				0,
				1,
				1.4,
				0,
				2.033,
				0,
				2.667,
				0,
				1,
				2.767,
				0,
				2.867,
				0,
				2.967,
				0,
				1,
				3.228,
				0,
				3.489,
				0,
				3.75,
				0
			]
		},
		{
			"Target": "Parameter",
			"Id": "ParamMouthOpenY",
			"Segments": [
				0,
				0,
				1,
				0.161,
				0,
				0.322,
				0,
				0.483,
				0,
				1,
				0.578,
				0,
				0.672,
				1,
				0.767,
				1,
				1,
				1.4,
				1,
				2.033,
				1,
				2.667,
				1,
				1,
				2.767,
				1,
				2.867,
				0,
				2.967,
				0,
				1,
				3.228,
				0,
				3.489,
				0,
				3.75,
				0
			]
		},
		{
			"Target": "Parameter",
			"Id": "Param47",
			"Segments": [
				0,
				0,
				1,
				0.133,
				0,
				0.267,
				0,
				0.4,
				0,
				1,
				0.478,
				0,
				0.556,
				12,
				0.633,
				12,
				1,
				0.739,
				12,
				0.844,
				0,
				0.95,
				0,
				1,
				1.494,
				0,
				2.039,
				0,
				2.583,
				0,
				1,
				2.667,
				0,
				2.75,
				-14,
				2.833,
				-14,
				1,
				2.922,
				-14,
				3.011,
				0,
				3.1,
				0,
				1,
				3.317,
				0,
				3.533,
				0,
				3.75,
				0
			]
		},
		{
			"Target": "Parameter",
			"Id": "Param46",
			"Segments": [
				0,
				2,
				1,
				1.25,
				2,
				2.5,
				2,
				3.75,
				2
			]
		},
		{
			"Target": "Parameter",
			"Id": "ParamBodyAngleX",
			"Segments": [
				0,
				0,
				1,
				0.144,
				0,
				0.289,
				0,
				0.433,
				0,
				1,
				0.628,
				0,
				0.822,
				2,
				1.017,
				2,
				1,
				1.428,
				2,
				1.839,
				2,
				2.25,
				2,
				1,
				2.55,
				2,
				2.85,
				0,
				3.15,
				0,
				1,
				3.35,
				0,
				3.55,
				0,
				3.75,
				0
			]
		},
		{
			"Target": "Parameter",
			"Id": "ParamBodyAngleY",
			"Segments": [
				0,
				0,
				1,
				0.072,
				0,
				0.144,
				0.767,
				0.217,
				1.784,
				1,
				0.283,
				2.722,
				0.35,
				3,
				0.417,
				3,
				1,
				0.528,
				3,
				0.639,
				0.447,
				0.75,
				-1.341,
				1,
				0.8,
				-2.145,
				0.85,
				-2,
				0.9,
				-2,
				1,
				1.028,
				-2,
				1.156,
				0.163,
				1.283,
				0.163,
				1,
				1.389,
				0.163,
				1.494,
				-2.495,
				1.6,
				-2.495,
				1,
				1.739,
				-2.495,
				1.878,
				-0.973,
				2.017,
				-0.973,
				1,
				2.139,
				-0.973,
				2.261,
				-2.12,
				2.383,
				-2.12,
				1,
				2.517,
				-2.12,
				2.65,
				-1.604,
				2.783,
				-0.466,
				1,
				2.9,
				0.529,
				3.017,
				1.084,
				3.133,
				1.084,
				1,
				3.306,
				1.084,
				3.478,
				0,
				3.65,
				0,
				1,
				3.683,
				0,
				3.717,
				0,
				3.75,
				0
			]
		},
		{
			"Target": "Parameter",
			"Id": "ParamBodyAngleZ",
			"Segments": [
				0,
				0,
				1,
				0.161,
				0,
				0.322,
				2,
				0.483,
				2,
				1,
				0.667,
				2,
				0.85,
				-1.33,
				1.033,
				-1.33,
				1,
				1.122,
				-1.33,
				1.211,
				-0.764,
				1.3,
				-0.764,
				1,
				1.411,
				-0.764,
				1.522,
				-1.386,
				1.633,
				-1.386,
				1,
				1.767,
				-1.386,
				1.9,
				-0.764,
				2.033,
				-0.764,
				1,
				2.172,
				-0.764,
				2.311,
				-2,
				2.45,
				-2,
				1,
				2.578,
				-2,
				2.706,
				-1.319,
				2.833,
				-0.55,
				1,
				2.967,
				0.252,
				3.1,
				0.457,
				3.233,
				0.457,
				1,
				3.372,
				0.457,
				3.511,
				0,
				3.65,
				0,
				1,
				3.683,
				0,
				3.717,
				0,
				3.75,
				0
			]
		},
		{
			"Target": "Parameter",
			"Id": "Param49",
			"Segments": [
				0,
				0,
				1,
				0.056,
				0,
				0.111,
				0,
				0.167,
				0,
				1,
				0.294,
				0,
				0.422,
				1.063,
				0.55,
				1.063,
				1,
				0.711,
				1.063,
				0.872,
				-1.01,
				1.033,
				-1.01,
				1,
				1.144,
				-1.01,
				1.256,
				0,
				1.367,
				0,
				1,
				1.511,
				0,
				1.656,
				-1,
				1.8,
				-1,
				1,
				1.906,
				-1,
				2.011,
				-0.39,
				2.117,
				-0.39,
				1,
				2.278,
				-0.39,
				2.439,
				-1.096,
				2.6,
				-1.096,
				1,
				2.706,
				-1.096,
				2.811,
				-0.352,
				2.917,
				0.228,
				1,
				3.006,
				0.717,
				3.094,
				0.749,
				3.183,
				0.749,
				1,
				3.361,
				0.749,
				3.539,
				0,
				3.717,
				0,
				1,
				3.728,
				0,
				3.739,
				0,
				3.75,
				0
			]
		},
		{
			"Target": "Parameter",
			"Id": "Param48",
			"Segments": [
				0,
				0,
				1,
				0.056,
				0,
				0.111,
				0,
				0.167,
				0,
				1,
				0.294,
				0,
				0.422,
				1.063,
				0.55,
				1.063,
				1,
				0.711,
				1.063,
				0.872,
				-1.01,
				1.033,
				-1.01,
				1,
				1.144,
				-1.01,
				1.256,
				0,
				1.367,
				0,
				1,
				1.511,
				0,
				1.656,
				-1,
				1.8,
				-1,
				1,
				1.906,
				-1,
				2.011,
				-0.39,
				2.117,
				-0.39,
				1,
				2.278,
				-0.39,
				2.439,
				-1.096,
				2.6,
				-1.096,
				1,
				2.706,
				-1.096,
				2.811,
				-0.352,
				2.917,
				0.228,
				1,
				3.006,
				0.717,
				3.094,
				0.749,
				3.183,
				0.749,
				1,
				3.361,
				0.749,
				3.539,
				0,
				3.717,
				0,
				1,
				3.728,
				0,
				3.739,
				0,
				3.75,
				0
			]
		},
		{
			"Target": "Parameter",
			"Id": "Param37",
			"Segments": [
				0,
				0,
				1,
				1.25,
				0,
				2.5,
				0,
				3.75,
				0
			]
		},
		{
			"Target": "Parameter",
			"Id": "ParamBreath",
			"Segments": [
				0,
				0,
				1,
				0.556,
				0,
				1.111,
				1,
				1.667,
				1,
				1,
				1.744,
				1,
				1.822,
				1,
				1.9,
				1,
				1,
				2.467,
				1,
				3.033,
				0,
				3.6,
				0,
				1,
				3.65,
				0,
				3.7,
				-0.023,
				3.75,
				0.013
			]
		},
		{
			"Target": "Parameter",
			"Id": "Param34",
			"Segments": [
				0,
				0,
				1,
				1.25,
				0,
				2.5,
				0,
				3.75,
				0
			]
		},
		{
			"Target": "Parameter",
			"Id": "Param33",
			"Segments": [
				0,
				0,
				1,
				1.25,
				0,
				2.5,
				0,
				3.75,
				0
			]
		},
		{
			"Target": "Parameter",
			"Id": "Param35",
			"Segments": [
				0,
				0,
				1,
				0.089,
				0,
				0.178,
				0.629,
				0.267,
				1.599,
				1,
				0.328,
				2.266,
				0.389,
				2.484,
				0.45,
				2.484,
				1,
				0.583,
				2.484,
				0.717,
				-4.518,
				0.85,
				-4.518,
				1,
				0.978,
				-4.518,
				1.106,
				-2.341,
				1.233,
				-2.341,
				1,
				1.367,
				-2.341,
				1.5,
				-4.282,
				1.633,
				-4.282,
				1,
				1.75,
				-4.282,
				1.867,
				-2.428,
				1.983,
				-2.428,
				1,
				2.094,
				-2.428,
				2.206,
				-3.873,
				2.317,
				-3.873,
				1,
				2.444,
				-3.873,
				2.572,
				-2.381,
				2.7,
				-0.353,
				1,
				2.794,
				1.146,
				2.889,
				1.548,
				2.983,
				1.548,
				1,
				3.067,
				1.548,
				3.15,
				1.02,
				3.233,
				0.565,
				1,
				3.322,
				0.08,
				3.411,
				0,
				3.5,
				0,
				1,
				3.583,
				0,
				3.667,
				0,
				3.75,
				0
			]
		},
		{
			"Target": "Parameter",
			"Id": "Param50",
			"Segments": [
				0,
				0,
				1,
				0.15,
				0,
				0.3,
				-0.9,
				0.45,
				-0.9,
				1,
				0.622,
				-0.9,
				0.794,
				-0.2,
				0.967,
				-0.2,
				1,
				1.533,
				-0.2,
				2.1,
				-0.2,
				2.667,
				-0.2,
				1,
				2.839,
				-0.2,
				3.011,
				0,
				3.183,
				0,
				1,
				3.372,
				0,
				3.561,
				0,
				3.75,
				0
			]
		},
		{
			"Target": "Parameter",
			"Id": "Param36",
			"Segments": [
				0,
				0,
				1,
				0.161,
				0,
				0.322,
				2.396,
				0.483,
				2.396,
				1,
				0.628,
				2.396,
				0.772,
				-12.697,
				0.917,
				-12.697,
				1,
				1.044,
				-12.697,
				1.172,
				5.897,
				1.3,
				5.897,
				1,
				1.444,
				5.897,
				1.589,
				-11.768,
				1.733,
				-11.768,
				1,
				1.883,
				-11.768,
				2.033,
				1.318,
				2.183,
				1.318,
				1,
				2.289,
				1.318,
				2.394,
				-10.904,
				2.5,
				-10.904,
				1,
				2.633,
				-10.904,
				2.767,
				-4.468,
				2.9,
				-2.232,
				1,
				3.039,
				0.096,
				3.178,
				0,
				3.317,
				0,
				1,
				3.461,
				0,
				3.606,
				0,
				3.75,
				0
			]
		},
		{
			"Target": "Parameter",
			"Id": "Param52",
			"Segments": [
				0,
				0,
				1,
				0.15,
				0,
				0.3,
				0,
				0.45,
				0,
				1,
				0.611,
				0,
				0.772,
				-5.055,
				0.933,
				-5.055,
				1,
				1.061,
				-5.055,
				1.189,
				-3,
				1.317,
				-3,
				1,
				1.483,
				-3,
				1.65,
				-5.055,
				1.817,
				-5.055,
				1,
				1.961,
				-5.055,
				2.106,
				-3,
				2.25,
				-3,
				1,
				2.35,
				-3,
				2.45,
				-4.418,
				2.55,
				-4.418,
				1,
				2.683,
				-4.418,
				2.817,
				0,
				2.95,
				0,
				1,
				3.217,
				0,
				3.483,
				0,
				3.75,
				0
			]
		},
		{
			"Target": "Parameter",
			"Id": "Param38",
			"Segments": [
				0,
				0,
				1,
				0.061,
				0,
				0.122,
				0,
				0.183,
				0,
				1,
				0.289,
				0,
				0.394,
				0.474,
				0.5,
				0.474,
				1,
				0.639,
				0.474,
				0.778,
				-20.631,
				0.917,
				-20.631,
				1,
				1.106,
				-20.631,
				1.294,
				-5.484,
				1.483,
				-5.484,
				1,
				1.589,
				-5.484,
				1.694,
				-18.971,
				1.8,
				-18.971,
				1,
				1.95,
				-18.971,
				2.1,
				-6.532,
				2.25,
				-6.532,
				1,
				2.344,
				-6.532,
				2.439,
				-9.857,
				2.533,
				-9.857,
				1,
				2.75,
				-9.857,
				2.967,
				0,
				3.183,
				0,
				1,
				3.372,
				0,
				3.561,
				0,
				3.75,
				0
			]
		},
		{
			"Target": "Parameter",
			"Id": "Param55",
			"Segments": [
				0,
				0,
				1,
				0.15,
				0,
				0.3,
				-4,
				0.45,
				-4,
				1,
				0.578,
				-4,
				0.706,
				16.26,
				0.833,
				16.26,
				1,
				0.917,
				16.26,
				1,
				8.942,
				1.083,
				8.942,
				1,
				1.217,
				8.942,
				1.35,
				17.14,
				1.483,
				17.14,
				1,
				1.633,
				17.14,
				1.783,
				9.609,
				1.933,
				9.609,
				1,
				2.089,
				9.609,
				2.244,
				15.322,
				2.4,
				15.322,
				1,
				2.572,
				15.322,
				2.744,
				-1.13,
				2.917,
				-1.13,
				1,
				3.078,
				-1.13,
				3.239,
				0,
				3.4,
				0,
				1,
				3.517,
				0,
				3.633,
				0,
				3.75,
				0
			]
		},
		{
			"Target": "Parameter",
			"Id": "Param54",
			"Segments": [
				0,
				0,
				1,
				0.15,
				0,
				0.3,
				-4,
				0.45,
				-4,
				1,
				0.578,
				-4,
				0.706,
				17.974,
				0.833,
				17.974,
				1,
				0.917,
				17.974,
				1,
				11.855,
				1.083,
				11.855,
				1,
				1.217,
				11.855,
				1.35,
				18.854,
				1.483,
				18.854,
				1,
				1.633,
				18.854,
				1.783,
				12.522,
				1.933,
				12.522,
				1,
				2.089,
				12.522,
				2.244,
				17.036,
				2.4,
				17.036,
				1,
				2.572,
				17.036,
				2.744,
				-4,
				2.917,
				-4,
				1,
				3.078,
				-4,
				3.239,
				0,
				3.4,
				0,
				1,
				3.517,
				0,
				3.633,
				0,
				3.75,
				0
			]
		},
		{
			"Target": "Parameter",
			"Id": "Param39",
			"Segments": [
				0,
				0,
				1,
				0.15,
				0,
				0.3,
				2.065,
				0.45,
				2.065,
				1,
				0.583,
				2.065,
				0.717,
				-4.458,
				0.85,
				-4.458,
				1,
				0.978,
				-4.458,
				1.106,
				-2.341,
				1.233,
				-2.341,
				1,
				1.367,
				-2.341,
				1.5,
				-3.656,
				1.633,
				-3.656,
				1,
				1.75,
				-3.656,
				1.867,
				-1.836,
				1.983,
				-1.836,
				1,
				2.122,
				-1.836,
				2.261,
				-3.265,
				2.4,
				-3.265,
				1,
				2.5,
				-3.265,
				2.6,
				-1.959,
				2.7,
				-0.363,
				1,
				2.794,
				1.145,
				2.889,
				1.548,
				2.983,
				1.548,
				1,
				3.083,
				1.548,
				3.183,
				0.912,
				3.283,
				0.488,
				1,
				3.389,
				0.04,
				3.494,
				0,
				3.6,
				0,
				1,
				3.65,
				0,
				3.7,
				0,
				3.75,
				0
			]
		},
		{
			"Target": "Parameter",
			"Id": "Param51",
			"Segments": [
				0,
				0,
				1,
				0.183,
				0,
				0.367,
				-0.6,
				0.55,
				-0.6,
				1,
				0.7,
				-0.6,
				0.85,
				-0.4,
				1,
				-0.4,
				1,
				1.456,
				-0.4,
				1.911,
				-0.4,
				2.367,
				-0.4,
				1,
				2.639,
				-0.4,
				2.911,
				0,
				3.183,
				0,
				1,
				3.372,
				0,
				3.561,
				0,
				3.75,
				0
			]
		},
		{
			"Target": "Parameter",
			"Id": "Param40",
			"Segments": [
				0,
				0,
				1,
				0.167,
				0,
				0.333,
				0,
				0.5,
				0,
				1,
				0.633,
				0,
				0.767,
				-15.075,
				0.9,
				-15.075,
				1,
				1.033,
				-15.075,
				1.167,
				7,
				1.3,
				7,
				1,
				1.444,
				7,
				1.589,
				-12.682,
				1.733,
				-12.682,
				1,
				1.861,
				-12.682,
				1.989,
				4.819,
				2.117,
				4.819,
				1,
				2.25,
				4.819,
				2.383,
				-13.157,
				2.517,
				-13.157,
				1,
				2.728,
				-13.157,
				2.939,
				1.595,
				3.15,
				1.595,
				1,
				3.272,
				1.595,
				3.394,
				0,
				3.517,
				0,
				1,
				3.594,
				0,
				3.672,
				0,
				3.75,
				0
			]
		},
		{
			"Target": "Parameter",
			"Id": "Param53",
			"Segments": [
				0,
				0,
				1,
				0.133,
				0,
				0.267,
				0,
				0.4,
				0,
				1,
				0.6,
				0,
				0.8,
				-5,
				1,
				-5,
				1,
				1.117,
				-5,
				1.233,
				-4.24,
				1.35,
				-4.24,
				1,
				1.522,
				-4.24,
				1.694,
				-5,
				1.867,
				-5,
				1,
				1.989,
				-5,
				2.111,
				-4.24,
				2.233,
				-4.24,
				1,
				2.367,
				-4.24,
				2.5,
				-4.813,
				2.633,
				-4.813,
				1,
				2.789,
				-4.813,
				2.944,
				0,
				3.1,
				0,
				1,
				3.317,
				0,
				3.533,
				0,
				3.75,
				0
			]
		},
		{
			"Target": "Parameter",
			"Id": "Param41",
			"Segments": [
				0,
				0,
				1,
				0.2,
				0,
				0.4,
				0,
				0.6,
				0,
				1,
				0.717,
				0,
				0.833,
				-9.494,
				0.95,
				-9.494,
				1,
				1.083,
				-9.494,
				1.217,
				4.96,
				1.35,
				4.96,
				1,
				1.5,
				4.96,
				1.65,
				-9.494,
				1.8,
				-9.494,
				1,
				1.961,
				-9.494,
				2.122,
				4.96,
				2.283,
				4.96,
				1,
				2.394,
				4.96,
				2.506,
				-8.503,
				2.617,
				-8.503,
				1,
				2.761,
				-8.503,
				2.906,
				0,
				3.05,
				0,
				1,
				3.283,
				0,
				3.517,
				0,
				3.75,
				0
			]
		},
		{
			"Target": "Parameter",
			"Id": "Param56",
			"Segments": [
				0,
				0,
				1,
				0.139,
				0,
				0.278,
				-1.3,
				0.417,
				-1.3,
				1,
				0.528,
				-1.3,
				0.639,
				12.12,
				0.75,
				12.12,
				1,
				0.95,
				12.12,
				1.15,
				1.939,
				1.35,
				1.939,
				1,
				1.511,
				1.939,
				1.672,
				12.56,
				1.833,
				12.56,
				1,
				1.972,
				12.56,
				2.111,
				5.382,
				2.25,
				4.478,
				1,
				2.4,
				3.501,
				2.55,
				3.646,
				2.7,
				2.809,
				1,
				2.817,
				2.158,
				2.933,
				0,
				3.05,
				0,
				1,
				3.283,
				0,
				3.517,
				0,
				3.75,
				0
			]
		},
		{
			"Target": "Parameter",
			"Id": "Param57",
			"Segments": [
				0,
				0,
				1,
				0.1,
				0,
				0.2,
				-0.797,
				0.3,
				-0.797,
				1,
				0.4,
				-0.797,
				0.5,
				0.858,
				0.6,
				5.996,
				1,
				0.661,
				9.136,
				0.722,
				12.12,
				0.783,
				12.12,
				1,
				0.894,
				12.12,
				1.006,
				8.134,
				1.117,
				8.134,
				1,
				1.244,
				8.134,
				1.372,
				16.395,
				1.5,
				16.395,
				1,
				1.628,
				16.395,
				1.756,
				12.12,
				1.883,
				12.12,
				1,
				2,
				12.12,
				2.117,
				20,
				2.233,
				20,
				1,
				2.389,
				20,
				2.544,
				7.179,
				2.7,
				2.809,
				1,
				2.817,
				-0.469,
				2.933,
				0,
				3.05,
				0,
				1,
				3.283,
				0,
				3.517,
				0,
				3.75,
				0
			]
		},
		{
			"Target": "Parameter",
			"Id": "Param2",
			"Segments": [
				0,
				0,
				1,
				1.25,
				0,
				2.5,
				0,
				3.75,
				0
			]
		},
		{
			"Target": "Parameter",
			"Id": "Param3",
			"Segments": [
				0,
				0,
				1,
				1.25,
				0,
				2.5,
				0,
				3.75,
				0
			]
		},
		{
			"Target": "Parameter",
			"Id": "Param4",
			"Segments": [
				0,
				0,
				1,
				1.25,
				0,
				2.5,
				0,
				3.75,
				0
			]
		}
	]
}