{
	"Version": 3,
	"Meta": {
		"Duration": 6.733,
		"Fps": 60.0,
		"FadeInTime": 0.5,
		"FadeOutTime": 0.5,
		"Loop": true,
		"AreBeziersRestricted": false,
		"CurveCount": 50,
		"TotalSegmentCount": 352,
		"TotalPointCount": 1106,
		"UserDataCount": 0,
		"TotalUserDataSize": 0
	},
	"Curves": [
		{
			"Target": "Parameter",
			"Id": "ParamAngleX",
			"Segments": [
				0,
				0,
				1,
				0.083,
				0,
				0.167,
				0,
				0.25,
				0,
				1,
				0.572,
				0,
				0.894,
				-18.704,
				1.217,
				-18.704,
				1,
				1.883,
				-18.704,
				2.55,
				-18.704,
				3.217,
				-18.704,
				1,
				3.3,
				-18.704,
				3.383,
				-14.822,
				3.467,
				-13.31,
				1,
				3.5,
				-12.706,
				3.533,
				-13.149,
				3.567,
				-12.548,
				1,
				3.689,
				-10.344,
				3.811,
				-5.536,
				3.933,
				-1.808,
				1,
				4.011,
				0.564,
				4.089,
				2,
				4.167,
				2,
				1,
				4.45,
				2,
				4.733,
				0,
				5.017,
				0,
				1,
				5.589,
				0,
				6.161,
				0,
				6.733,
				0
			]
		},
		{
			"Target": "Parameter",
			"Id": "ParamAngleY",
			"Segments": [
				0,
				0,
				1,
				0.122,
				0,
				0.244,
				-1.45,
				0.367,
				-1.45,
				1,
				0.533,
				-1.45,
				0.7,
				3,
				0.867,
				3,
				1,
				1.006,
				3,
				1.144,
				-1.036,
				1.283,
				-1.036,
				1,
				1.417,
				-1.036,
				1.55,
				0,
				1.683,
				0,
				1,
				2.194,
				0,
				2.706,
				0,
				3.217,
				0,
				1,
				3.367,
				0,
				3.517,
				-18,
				3.667,
				-18,
				1,
				3.761,
				-18,
				3.856,
				-5.051,
				3.95,
				2.173,
				1,
				4.006,
				6.423,
				4.061,
				6,
				4.117,
				6,
				1,
				4.344,
				6,
				4.572,
				-2.308,
				4.8,
				-2.308,
				1,
				5.133,
				-2.308,
				5.467,
				0,
				5.8,
				0,
				1,
				6.111,
				0,
				6.422,
				0,
				6.733,
				0
			]
		},
		{
			"Target": "Parameter",
			"Id": "ParamAngleZ",
			"Segments": [
				0,
				0,
				1,
				0.117,
				0,
				0.233,
				-1.789,
				0.35,
				-1.789,
				1,
				0.489,
				-1.789,
				0.628,
				1.214,
				0.767,
				1.214,
				1,
				0.844,
				1.214,
				0.922,
				-1.941,
				1,
				-5.705,
				1,
				1.1,
				-10.544,
				1.2,
				-12.086,
				1.3,
				-12.086,
				1,
				1.433,
				-12.086,
				1.567,
				-11.095,
				1.7,
				-11.095,
				1,
				2.206,
				-11.095,
				2.711,
				-11.095,
				3.217,
				-11.095,
				1,
				3.372,
				-11.095,
				3.528,
				-15.677,
				3.683,
				-15.677,
				1,
				3.772,
				-15.677,
				3.861,
				-6.948,
				3.95,
				-1.258,
				1,
				4.039,
				4.432,
				4.128,
				5.002,
				4.217,
				5.002,
				1,
				4.367,
				5.002,
				4.517,
				-1.258,
				4.667,
				-1.258,
				1,
				4.778,
				-1.258,
				4.889,
				-0.914,
				5,
				-0.651,
				1,
				5.217,
				-0.139,
				5.433,
				0,
				5.65,
				0,
				1,
				6.011,
				0,
				6.372,
				0,
				6.733,
				0
			]
		},
		{
			"Target": "Parameter",
			"Id": "Param",
			"Segments": [
				0,
				0,
				1,
				2.244,
				0,
				4.489,
				0,
				6.733,
				0
			]
		},
		{
			"Target": "Parameter",
			"Id": "ParamEyeLOpen",
			"Segments": [
				0,
				1,
				1,
				0.211,
				1,
				0.422,
				1,
				0.633,
				1,
				1,
				0.678,
				1,
				0.722,
				0,
				0.767,
				0,
				1,
				0.794,
				0,
				0.822,
				0,
				0.85,
				0,
				1,
				0.889,
				0,
				0.928,
				0.549,
				0.967,
				0.8,
				1,
				1,
				1.015,
				1.033,
				1,
				1.067,
				1,
				1,
				1.8,
				1,
				2.533,
				1,
				3.267,
				1,
				1,
				3.294,
				1,
				3.322,
				1.013,
				3.35,
				0.8,
				1,
				3.378,
				0.587,
				3.406,
				0,
				3.433,
				0,
				1,
				3.561,
				0,
				3.689,
				0,
				3.817,
				0,
				1,
				3.839,
				0,
				3.861,
				0.795,
				3.883,
				0.862,
				1,
				3.928,
				0.994,
				3.972,
				1,
				4.017,
				1,
				1,
				4.356,
				1,
				4.694,
				1,
				5.033,
				1,
				1,
				5.078,
				1,
				5.122,
				0,
				5.167,
				0,
				1,
				5.194,
				0,
				5.222,
				0,
				5.25,
				0,
				1,
				5.289,
				0,
				5.328,
				0.549,
				5.367,
				0.8,
				1,
				5.4,
				1.015,
				5.433,
				1,
				5.467,
				1,
				1,
				5.889,
				1,
				6.311,
				1,
				6.733,
				1
			]
		},
		{
			"Target": "Parameter",
			"Id": "ParamEyeLSmile",
			"Segments": [
				0,
				0,
				1,
				2.244,
				0,
				4.489,
				0,
				6.733,
				0
			]
		},
		{
			"Target": "Parameter",
			"Id": "ParamEyeROpen",
			"Segments": [
				0,
				1,
				1,
				0.211,
				1,
				0.422,
				1,
				0.633,
				1,
				1,
				0.678,
				1,
				0.722,
				0,
				0.767,
				0,
				1,
				0.794,
				0,
				0.822,
				0,
				0.85,
				0,
				1,
				0.889,
				0,
				0.928,
				0.549,
				0.967,
				0.8,
				1,
				1,
				1.015,
				1.033,
				1,
				1.067,
				1,
				1,
				1.8,
				1,
				2.533,
				1,
				3.267,
				1,
				1,
				3.294,
				1,
				3.322,
				1.013,
				3.35,
				0.8,
				1,
				3.378,
				0.587,
				3.406,
				0,
				3.433,
				0,
				1,
				3.561,
				0,
				3.689,
				0,
				3.817,
				0,
				1,
				3.839,
				0,
				3.861,
				0.795,
				3.883,
				0.862,
				1,
				3.928,
				0.994,
				3.972,
				1,
				4.017,
				1,
				1,
				4.356,
				1,
				4.694,
				1,
				5.033,
				1,
				1,
				5.078,
				1,
				5.122,
				0,
				5.167,
				0,
				1,
				5.194,
				0,
				5.222,
				0,
				5.25,
				0,
				1,
				5.289,
				0,
				5.328,
				0.549,
				5.367,
				0.8,
				1,
				5.4,
				1.015,
				5.433,
				1,
				5.467,
				1,
				1,
				5.889,
				1,
				6.311,
				1,
				6.733,
				1
			]
		},
		{
			"Target": "Parameter",
			"Id": "ParamEyeRSmile",
			"Segments": [
				0,
				0,
				1,
				2.244,
				0,
				4.489,
				0,
				6.733,
				0
			]
		},
		{
			"Target": "Parameter",
			"Id": "ParamEyeBallX",
			"Segments": [
				0,
				0,
				1,
				0.239,
				0,
				0.478,
				0,
				0.717,
				0,
				1,
				0.806,
				0,
				0.894,
				-0.7,
				0.983,
				-0.7,
				1,
				1.817,
				-0.7,
				2.65,
				-0.7,
				3.483,
				-0.7,
				1,
				3.639,
				-0.7,
				3.794,
				0,
				3.95,
				0,
				1,
				4.878,
				0,
				5.806,
				0,
				6.733,
				0
			]
		},
		{
			"Target": "Parameter",
			"Id": "ParamEyeBallY",
			"Segments": [
				0,
				0,
				1,
				0.139,
				0,
				0.278,
				0,
				0.417,
				0,
				1,
				0.561,
				0,
				0.706,
				-0.042,
				0.85,
				-0.042,
				1,
				1.056,
				-0.042,
				1.261,
				0,
				1.467,
				0,
				1,
				2.05,
				0,
				2.633,
				0,
				3.217,
				0,
				1,
				3.361,
				0,
				3.506,
				0.2,
				3.65,
				0.2,
				1,
				3.811,
				0.2,
				3.972,
				-0.2,
				4.133,
				-0.2,
				1,
				4.378,
				-0.2,
				4.622,
				0,
				4.867,
				0,
				1,
				5.489,
				0,
				6.111,
				0,
				6.733,
				0
			]
		},
		{
			"Target": "Parameter",
			"Id": "Param42",
			"Segments": [
				0,
				0,
				1,
				2.244,
				0,
				4.489,
				0,
				6.733,
				0
			]
		},
		{
			"Target": "Parameter",
			"Id": "Param45",
			"Segments": [
				0,
				0,
				1,
				2.244,
				0,
				4.489,
				0,
				6.733,
				0
			]
		},
		{
			"Target": "Parameter",
			"Id": "ParamBrowLY",
			"Segments": [
				0,
				0,
				1,
				0.211,
				0,
				0.422,
				0,
				0.633,
				0,
				1,
				0.694,
				0,
				0.756,
				-0.1,
				0.817,
				-0.1,
				1,
				0.883,
				-0.1,
				0.95,
				0,
				1.017,
				0,
				1,
				1.767,
				0,
				2.517,
				0,
				3.267,
				0,
				1,
				3.333,
				0,
				3.4,
				-0.1,
				3.467,
				-0.1,
				1,
				3.533,
				-0.1,
				3.6,
				-0.1,
				3.667,
				-0.1,
				1,
				3.778,
				-0.1,
				3.889,
				0.2,
				4,
				0.2,
				1,
				4.011,
				0.2,
				4.022,
				0.2,
				4.033,
				0.2,
				1,
				4.222,
				0.2,
				4.411,
				0,
				4.6,
				0,
				1,
				4.739,
				0,
				4.878,
				0,
				5.017,
				0,
				1,
				5.078,
				0,
				5.139,
				-0.1,
				5.2,
				-0.1,
				1,
				5.289,
				-0.1,
				5.378,
				0,
				5.467,
				0,
				1,
				5.889,
				0,
				6.311,
				0,
				6.733,
				0
			]
		},
		{
			"Target": "Parameter",
			"Id": "ParamBrowRY",
			"Segments": [
				0,
				0,
				1,
				0.211,
				0,
				0.422,
				0,
				0.633,
				0,
				1,
				0.694,
				0,
				0.756,
				-0.1,
				0.817,
				-0.1,
				1,
				0.883,
				-0.1,
				0.95,
				0,
				1.017,
				0,
				1,
				1.767,
				0,
				2.517,
				0,
				3.267,
				0,
				1,
				3.333,
				0,
				3.4,
				-0.1,
				3.467,
				-0.1,
				1,
				3.533,
				-0.1,
				3.6,
				-0.1,
				3.667,
				-0.1,
				1,
				3.778,
				-0.1,
				3.889,
				0.2,
				4,
				0.2,
				1,
				4.011,
				0.2,
				4.022,
				0.2,
				4.033,
				0.2,
				1,
				4.222,
				0.2,
				4.411,
				0,
				4.6,
				0,
				1,
				4.739,
				0,
				4.878,
				0,
				5.017,
				0,
				1,
				5.078,
				0,
				5.139,
				-0.1,
				5.2,
				-0.1,
				1,
				5.289,
				-0.1,
				5.378,
				0,
				5.467,
				0,
				1,
				5.889,
				0,
				6.311,
				0,
				6.733,
				0
			]
		},
		{
			"Target": "Parameter",
			"Id": "ParamBrowLX",
			"Segments": [
				0,
				0,
				1,
				0.244,
				0,
				0.489,
				0,
				0.733,
				0,
				1,
				1.578,
				0,
				2.422,
				0,
				3.267,
				0,
				1,
				3.511,
				0,
				3.756,
				0,
				4,
				0,
				1,
				4.911,
				0,
				5.822,
				0,
				6.733,
				0
			]
		},
		{
			"Target": "Parameter",
			"Id": "ParamBrowRX",
			"Segments": [
				0,
				0,
				1,
				0.244,
				0,
				0.489,
				0,
				0.733,
				0,
				1,
				1.578,
				0,
				2.422,
				0,
				3.267,
				0,
				1,
				3.511,
				0,
				3.756,
				0,
				4,
				0,
				1,
				4.911,
				0,
				5.822,
				0,
				6.733,
				0
			]
		},
		{
			"Target": "Parameter",
			"Id": "ParamBrowLAngle",
			"Segments": [
				0,
				0,
				1,
				0.244,
				0,
				0.489,
				0,
				0.733,
				0,
				1,
				0.828,
				0,
				0.922,
				0.1,
				1.017,
				0.1,
				1,
				1.767,
				0.1,
				2.517,
				0.1,
				3.267,
				0.1,
				1,
				3.4,
				0.1,
				3.533,
				0.1,
				3.667,
				0.1,
				1,
				3.778,
				0.1,
				3.889,
				0,
				4,
				0,
				1,
				4.911,
				0,
				5.822,
				0,
				6.733,
				0
			]
		},
		{
			"Target": "Parameter",
			"Id": "ParamBrowRAngle",
			"Segments": [
				0,
				0,
				1,
				0.244,
				0,
				0.489,
				0,
				0.733,
				0,
				1,
				0.828,
				0,
				0.922,
				0.1,
				1.017,
				0.1,
				1,
				1.767,
				0.1,
				2.517,
				0.1,
				3.267,
				0.1,
				1,
				3.4,
				0.1,
				3.533,
				0.1,
				3.667,
				0.1,
				1,
				3.778,
				0.1,
				3.889,
				0,
				4,
				0,
				1,
				4.911,
				0,
				5.822,
				0,
				6.733,
				0
			]
		},
		{
			"Target": "Parameter",
			"Id": "ParamBrowLForm",
			"Segments": [
				0,
				0,
				1,
				0.244,
				0,
				0.489,
				0,
				0.733,
				0,
				1,
				0.828,
				0,
				0.922,
				0,
				1.017,
				0,
				1,
				1.767,
				0,
				2.517,
				0,
				3.267,
				0,
				1,
				3.4,
				0,
				3.533,
				0,
				3.667,
				0,
				1,
				3.778,
				0,
				3.889,
				0,
				4,
				0,
				1,
				4.911,
				0,
				5.822,
				0,
				6.733,
				0
			]
		},
		{
			"Target": "Parameter",
			"Id": "ParamBrowRForm",
			"Segments": [
				0,
				0,
				1,
				0.244,
				0,
				0.489,
				0,
				0.733,
				0,
				1,
				0.828,
				0,
				0.922,
				0,
				1.017,
				0,
				1,
				1.767,
				0,
				2.517,
				0,
				3.267,
				0,
				1,
				3.4,
				0,
				3.533,
				0,
				3.667,
				0,
				1,
				3.778,
				0,
				3.889,
				0,
				4,
				0,
				1,
				4.911,
				0,
				5.822,
				0,
				6.733,
				0
			]
		},
		{
			"Target": "Parameter",
			"Id": "ParamMouthForm",
			"Segments": [
				0,
				0,
				1,
				1.106,
				0,
				2.211,
				0,
				3.317,
				0,
				1,
				3.456,
				0,
				3.594,
				-0.343,
				3.733,
				-0.343,
				1,
				3.806,
				-0.343,
				3.878,
				0,
				3.95,
				0,
				1,
				4.878,
				0,
				5.806,
				0,
				6.733,
				0
			]
		},
		{
			"Target": "Parameter",
			"Id": "ParamMouthOpenY",
			"Segments": [
				0,
				0,
				1,
				1.161,
				0,
				2.322,
				0,
				3.483,
				0,
				1,
				3.544,
				0,
				3.606,
				0,
				3.667,
				0,
				1,
				3.756,
				0,
				3.844,
				0.436,
				3.933,
				0.786,
				1,
				3.989,
				1.005,
				4.044,
				1,
				4.1,
				1,
				1,
				4.367,
				1,
				4.633,
				1,
				4.9,
				1,
				1,
				4.95,
				1,
				5,
				1.03,
				5.05,
				0.919,
				1,
				5.122,
				0.759,
				5.194,
				0,
				5.267,
				0,
				1,
				5.756,
				0,
				6.244,
				0,
				6.733,
				0
			]
		},
		{
			"Target": "Parameter",
			"Id": "Param47",
			"Segments": [
				0,
				0,
				1,
				1.078,
				0,
				2.156,
				0,
				3.233,
				0,
				1,
				3.361,
				0,
				3.489,
				-11,
				3.617,
				-11,
				1,
				3.694,
				-11,
				3.772,
				19,
				3.85,
				19,
				1,
				4.028,
				19,
				4.206,
				7.89,
				4.383,
				7.89,
				1,
				4.561,
				7.89,
				4.739,
				7.89,
				4.917,
				7.89,
				1,
				5.006,
				7.89,
				5.094,
				-12.532,
				5.183,
				-12.532,
				1,
				5.25,
				-12.532,
				5.317,
				0,
				5.383,
				0,
				1,
				5.833,
				0,
				6.283,
				0,
				6.733,
				0
			]
		},
		{
			"Target": "Parameter",
			"Id": "Param46",
			"Segments": [
				0,
				2,
				1,
				2.244,
				2,
				4.489,
				2,
				6.733,
				2
			]
		},
		{
			"Target": "Parameter",
			"Id": "ParamBodyAngleX",
			"Segments": [
				0,
				0,
				1,
				0.4,
				0,
				0.8,
				-4.175,
				1.2,
				-7.284,
				1,
				1.4,
				-8.839,
				1.6,
				-8.644,
				1.8,
				-8.644,
				1,
				2.261,
				-8.644,
				2.722,
				-8.644,
				3.183,
				-8.644,
				1,
				3.306,
				-8.644,
				3.428,
				-9.22,
				3.55,
				-9.22,
				1,
				3.733,
				-9.22,
				3.917,
				-2.052,
				4.1,
				-1.053,
				1,
				4.317,
				0.128,
				4.533,
				0,
				4.75,
				0,
				1,
				5.411,
				0,
				6.072,
				0,
				6.733,
				0
			]
		},
		{
			"Target": "Parameter",
			"Id": "ParamBodyAngleY",
			"Segments": [
				0,
				0,
				1,
				0.106,
				0,
				0.211,
				-3,
				0.317,
				-3,
				1,
				0.467,
				-3,
				0.617,
				5,
				0.767,
				5,
				1,
				0.939,
				5,
				1.111,
				-0.745,
				1.283,
				-0.745,
				1,
				1.367,
				-0.745,
				1.45,
				0.003,
				1.533,
				0.179,
				1,
				1.644,
				0.413,
				1.756,
				0.408,
				1.867,
				0.408,
				1,
				2,
				0.408,
				2.133,
				0.376,
				2.267,
				0.266,
				1,
				2.394,
				0.16,
				2.522,
				0.073,
				2.65,
				0.073,
				1,
				2.822,
				0.073,
				2.994,
				0.266,
				3.167,
				0.266,
				1,
				3.294,
				0.266,
				3.422,
				-4.006,
				3.55,
				-4.006,
				1,
				3.7,
				-4.006,
				3.85,
				4.975,
				4,
				4.975,
				1,
				4.206,
				4.975,
				4.411,
				-1.691,
				4.617,
				-1.691,
				1,
				4.817,
				-1.691,
				5.017,
				1.243,
				5.217,
				1.243,
				1,
				5.55,
				1.243,
				5.883,
				0,
				6.217,
				0,
				1,
				6.389,
				0,
				6.561,
				0,
				6.733,
				0
			]
		},
		{
			"Target": "Parameter",
			"Id": "ParamBodyAngleZ",
			"Segments": [
				0,
				0,
				1,
				0.15,
				0,
				0.3,
				-0.491,
				0.45,
				-0.491,
				1,
				0.667,
				-0.491,
				0.883,
				1.112,
				1.1,
				1.112,
				1,
				1.283,
				1.112,
				1.467,
				0.195,
				1.65,
				0.195,
				1,
				1.917,
				0.195,
				2.183,
				0.315,
				2.45,
				0.315,
				1,
				2.7,
				0.315,
				2.95,
				0.32,
				3.2,
				0.195,
				1,
				3.344,
				0.123,
				3.489,
				-3.581,
				3.633,
				-3.581,
				1,
				3.75,
				-3.581,
				3.867,
				-1.849,
				3.983,
				0.467,
				1,
				4.044,
				1.68,
				4.106,
				1.903,
				4.167,
				1.903,
				1,
				4.261,
				1.903,
				4.356,
				0.555,
				4.45,
				-0.266,
				1,
				4.528,
				-0.942,
				4.606,
				-0.932,
				4.683,
				-0.932,
				1,
				4.778,
				-0.932,
				4.872,
				-0.543,
				4.967,
				-0.134,
				1,
				5.039,
				0.179,
				5.111,
				0.227,
				5.183,
				0.227,
				1,
				5.467,
				0.227,
				5.75,
				0,
				6.033,
				0,
				1,
				6.267,
				0,
				6.5,
				0,
				6.733,
				0
			]
		},
		{
			"Target": "Parameter",
			"Id": "Param49",
			"Segments": [
				0,
				0,
				1,
				0.083,
				0,
				0.167,
				-1.351,
				0.25,
				-1.351,
				1,
				0.328,
				-1.351,
				0.406,
				0.008,
				0.483,
				1.228,
				1,
				0.522,
				1.839,
				0.561,
				1.811,
				0.6,
				1.811,
				1,
				0.644,
				1.811,
				0.689,
				1.761,
				0.733,
				1.27,
				1,
				0.844,
				0.043,
				0.956,
				-0.885,
				1.067,
				-0.885,
				1,
				1.3,
				-0.885,
				1.533,
				0.54,
				1.767,
				0.54,
				1,
				1.972,
				0.54,
				2.178,
				0.232,
				2.383,
				0,
				1,
				2.506,
				-0.138,
				2.628,
				-0.13,
				2.75,
				-0.13,
				1,
				2.922,
				-0.13,
				3.094,
				0,
				3.267,
				0,
				1,
				3.4,
				0,
				3.533,
				-6,
				3.667,
				-6,
				1,
				3.8,
				-6,
				3.933,
				2,
				4.067,
				2,
				1,
				4.322,
				2,
				4.578,
				-1,
				4.833,
				-1,
				1,
				5.006,
				-1,
				5.178,
				0,
				5.35,
				0,
				1,
				5.811,
				0,
				6.272,
				0,
				6.733,
				0
			]
		},
		{
			"Target": "Parameter",
			"Id": "Param48",
			"Segments": [
				0,
				0,
				1,
				0.083,
				0,
				0.167,
				-2.689,
				0.25,
				-2.689,
				1,
				0.339,
				-2.689,
				0.428,
				-1.218,
				0.517,
				0.567,
				1,
				0.55,
				1.236,
				0.583,
				1.252,
				0.617,
				1.252,
				1,
				0.65,
				1.252,
				0.683,
				1.312,
				0.717,
				0.567,
				1,
				0.833,
				-2.04,
				0.95,
				-4.231,
				1.067,
				-4.231,
				1,
				1.3,
				-4.231,
				1.533,
				-2.806,
				1.767,
				-2.806,
				1,
				1.972,
				-2.806,
				2.178,
				-3.067,
				2.383,
				-3.346,
				1,
				2.506,
				-3.511,
				2.628,
				-3.526,
				2.75,
				-3.526,
				1,
				2.922,
				-3.526,
				3.094,
				-3.346,
				3.267,
				-3.346,
				1,
				3.4,
				-3.346,
				3.533,
				-7,
				3.667,
				-7,
				1,
				3.8,
				-7,
				3.933,
				2,
				4.067,
				2,
				1,
				4.322,
				2,
				4.578,
				-1.063,
				4.833,
				-1.063,
				1,
				5.006,
				-1.063,
				5.178,
				0,
				5.35,
				0,
				1,
				5.811,
				0,
				6.272,
				0,
				6.733,
				0
			]
		},
		{
			"Target": "Parameter",
			"Id": "Param37",
			"Segments": [
				0,
				0,
				1,
				2.244,
				0,
				4.489,
				0,
				6.733,
				0
			]
		},
		{
			"Target": "Parameter",
			"Id": "ParamBreath",
			"Segments": [
				0,
				0,
				1,
				0.622,
				0,
				1.244,
				1,
				1.867,
				1,
				1,
				1.95,
				1,
				2.033,
				1,
				2.117,
				1,
				1,
				2.744,
				1,
				3.372,
				0,
				4,
				0,
				1,
				4.622,
				0,
				5.244,
				1,
				5.867,
				1,
				1,
				5.95,
				1,
				6.033,
				1,
				6.117,
				1,
				1,
				6.322,
				1,
				6.528,
				0.959,
				6.733,
				0.745
			]
		},
		{
			"Target": "Parameter",
			"Id": "Param34",
			"Segments": [
				0,
				0,
				1,
				2.244,
				0,
				4.489,
				0,
				6.733,
				0
			]
		},
		{
			"Target": "Parameter",
			"Id": "Param33",
			"Segments": [
				0,
				0,
				1,
				2.244,
				0,
				4.489,
				0,
				6.733,
				0
			]
		},
		{
			"Target": "Parameter",
			"Id": "Param35",
			"Segments": [
				0,
				0,
				1,
				0.133,
				0,
				0.267,
				0,
				0.4,
				0,
				1,
				0.556,
				0,
				0.711,
				-2.94,
				0.867,
				-5.834,
				1,
				0.983,
				-8.005,
				1.1,
				-8.272,
				1.217,
				-8.272,
				1,
				1.372,
				-8.272,
				1.528,
				-7.787,
				1.683,
				-7.658,
				1,
				2.022,
				-7.376,
				2.361,
				-7.336,
				2.7,
				-7.336,
				1,
				2.906,
				-7.336,
				3.111,
				-7.342,
				3.317,
				-7.658,
				1,
				3.422,
				-7.82,
				3.528,
				-10.623,
				3.633,
				-10.623,
				1,
				3.728,
				-10.623,
				3.822,
				-5.559,
				3.917,
				-1.743,
				1,
				3.983,
				0.951,
				4.05,
				1.013,
				4.117,
				1.013,
				1,
				4.167,
				1.013,
				4.217,
				0.965,
				4.267,
				0.659,
				1,
				4.406,
				-0.191,
				4.544,
				-0.77,
				4.683,
				-0.77,
				1,
				4.878,
				-0.77,
				5.072,
				0,
				5.267,
				0,
				1,
				5.756,
				0,
				6.244,
				0,
				6.733,
				0
			]
		},
		{
			"Target": "Parameter",
			"Id": "Param50",
			"Segments": [
				0,
				0,
				1,
				0.389,
				0,
				0.778,
				0,
				1.167,
				0,
				1,
				1.922,
				0,
				2.678,
				0,
				3.433,
				0,
				1,
				4.006,
				0,
				4.578,
				0,
				5.15,
				0,
				1,
				5.678,
				0,
				6.206,
				0,
				6.733,
				0
			]
		},
		{
			"Target": "Parameter",
			"Id": "Param36",
			"Segments": [
				0,
				0,
				1,
				0.117,
				0,
				0.233,
				0,
				0.35,
				0,
				1,
				0.589,
				0,
				0.828,
				-2.875,
				1.067,
				-4.015,
				1,
				1.289,
				-5.075,
				1.511,
				-5,
				1.733,
				-5,
				1,
				2.2,
				-5,
				2.667,
				-5,
				3.133,
				-5,
				1,
				3.3,
				-5,
				3.467,
				-4.316,
				3.633,
				-3.926,
				1,
				3.717,
				-3.731,
				3.8,
				-3.859,
				3.883,
				-3.62,
				1,
				4.017,
				-3.237,
				4.15,
				0,
				4.283,
				0,
				1,
				5.1,
				0,
				5.917,
				0,
				6.733,
				0
			]
		},
		{
			"Target": "Parameter",
			"Id": "Param52",
			"Segments": [
				0,
				0,
				1,
				0.172,
				0,
				0.344,
				0,
				0.517,
				0,
				1,
				0.678,
				0,
				0.839,
				-1.991,
				1,
				-3.152,
				1,
				1.122,
				-4.032,
				1.244,
				-3.984,
				1.367,
				-3.984,
				1,
				2.106,
				-3.984,
				2.844,
				-3.984,
				3.583,
				-3.984,
				1,
				3.761,
				-3.984,
				3.939,
				0,
				4.117,
				0,
				1,
				4.989,
				0,
				5.861,
				0,
				6.733,
				0
			]
		},
		{
			"Target": "Parameter",
			"Id": "Param38",
			"Segments": [
				0,
				0,
				1,
				0.15,
				0,
				0.3,
				0,
				0.45,
				0,
				1,
				0.633,
				0,
				0.817,
				-2.927,
				1,
				-6.558,
				1,
				1.106,
				-8.649,
				1.211,
				-8.988,
				1.317,
				-8.988,
				1,
				2.122,
				-8.988,
				2.928,
				-8.988,
				3.733,
				-8.988,
				1,
				3.8,
				-8.988,
				3.867,
				-5.979,
				3.933,
				-3.68,
				1,
				4.022,
				-0.615,
				4.111,
				0,
				4.2,
				0,
				1,
				5.044,
				0,
				5.889,
				0,
				6.733,
				0
			]
		},
		{
			"Target": "Parameter",
			"Id": "Param55",
			"Segments": [
				0,
				0,
				1,
				0.211,
				0,
				0.422,
				0,
				0.633,
				0,
				1,
				0.817,
				0,
				1,
				6.889,
				1.183,
				6.889,
				1,
				1.289,
				6.889,
				1.394,
				6.653,
				1.5,
				6.653,
				1,
				2.089,
				6.653,
				2.678,
				6.653,
				3.267,
				6.653,
				1,
				3.383,
				6.653,
				3.5,
				-2.655,
				3.617,
				-2.655,
				1,
				3.661,
				-2.655,
				3.706,
				0.371,
				3.75,
				1.881,
				1,
				3.794,
				3.391,
				3.839,
				3.433,
				3.883,
				3.433,
				1,
				4.067,
				3.433,
				4.25,
				0,
				4.433,
				0,
				1,
				5.2,
				0,
				5.967,
				0,
				6.733,
				0
			]
		},
		{
			"Target": "Parameter",
			"Id": "Param54",
			"Segments": [
				0,
				0,
				1,
				0.161,
				0,
				0.322,
				0,
				0.483,
				0,
				1,
				0.667,
				0,
				0.85,
				2.331,
				1.033,
				2.331,
				1,
				1.133,
				2.331,
				1.233,
				2,
				1.333,
				2,
				1,
				1.917,
				2,
				2.5,
				2,
				3.083,
				2,
				1,
				3.267,
				2,
				3.45,
				-3.951,
				3.633,
				-3.951,
				1,
				3.678,
				-3.951,
				3.722,
				1.635,
				3.767,
				6.219,
				1,
				3.828,
				12.522,
				3.889,
				14,
				3.95,
				14,
				1,
				4.117,
				14,
				4.283,
				7.604,
				4.45,
				3.004,
				1,
				4.561,
				-0.063,
				4.672,
				0,
				4.783,
				0,
				1,
				5.433,
				0,
				6.083,
				0,
				6.733,
				0
			]
		},
		{
			"Target": "Parameter",
			"Id": "Param39",
			"Segments": [
				0,
				0,
				1,
				0.05,
				0,
				0.1,
				0,
				0.15,
				0,
				1,
				0.278,
				0,
				0.406,
				0.922,
				0.533,
				0.922,
				1,
				0.672,
				0.922,
				0.811,
				-0.981,
				0.95,
				-3.884,
				1,
				1.056,
				-6.091,
				1.161,
				-6.833,
				1.267,
				-6.833,
				1,
				1.411,
				-6.833,
				1.556,
				-5.813,
				1.7,
				-5.736,
				1,
				2.017,
				-5.567,
				2.333,
				-5.556,
				2.65,
				-5.556,
				1,
				2.872,
				-5.556,
				3.094,
				-5.562,
				3.317,
				-5.736,
				1,
				3.422,
				-5.819,
				3.528,
				-8.172,
				3.633,
				-8.172,
				1,
				3.744,
				-8.172,
				3.856,
				-4.316,
				3.967,
				-0.439,
				1,
				4.028,
				1.694,
				4.089,
				1.799,
				4.15,
				1.799,
				1,
				4.194,
				1.799,
				4.239,
				1.621,
				4.283,
				1.193,
				1,
				4.417,
				-0.09,
				4.55,
				-0.77,
				4.683,
				-0.77,
				1,
				4.878,
				-0.77,
				5.072,
				0,
				5.267,
				0,
				1,
				5.756,
				0,
				6.244,
				0,
				6.733,
				0
			]
		},
		{
			"Target": "Parameter",
			"Id": "Param51",
			"Segments": [
				0,
				0,
				1,
				0.189,
				0,
				0.378,
				0,
				0.567,
				0,
				1,
				0.817,
				0,
				1.067,
				-2,
				1.317,
				-2,
				1,
				2.072,
				-2,
				2.828,
				-2,
				3.583,
				-2,
				1,
				3.75,
				-2,
				3.917,
				-1.078,
				4.083,
				-0.526,
				1,
				4.239,
				-0.011,
				4.394,
				0,
				4.55,
				0,
				1,
				5.278,
				0,
				6.006,
				0,
				6.733,
				0
			]
		},
		{
			"Target": "Parameter",
			"Id": "Param40",
			"Segments": [
				0,
				0,
				1,
				0.167,
				0,
				0.333,
				0,
				0.5,
				0,
				1,
				0.689,
				0,
				0.878,
				0.915,
				1.067,
				1.533,
				1,
				1.211,
				2.005,
				1.356,
				2,
				1.5,
				2,
				1,
				2.044,
				2,
				2.589,
				2,
				3.133,
				2,
				1,
				3.311,
				2,
				3.489,
				-2,
				3.667,
				-2,
				1,
				3.844,
				-2,
				4.022,
				2,
				4.2,
				2,
				1,
				4.35,
				2,
				4.5,
				0,
				4.65,
				0,
				1,
				5.344,
				0,
				6.039,
				0,
				6.733,
				0
			]
		},
		{
			"Target": "Parameter",
			"Id": "Param53",
			"Segments": [
				0,
				0,
				1,
				0.189,
				0,
				0.378,
				0,
				0.567,
				0,
				1,
				0.739,
				0,
				0.911,
				-5.034,
				1.083,
				-6.829,
				1,
				1.211,
				-8.16,
				1.339,
				-7.937,
				1.467,
				-7.937,
				1,
				2.217,
				-7.937,
				2.967,
				-7.937,
				3.717,
				-7.937,
				1,
				3.861,
				-7.937,
				4.006,
				-3.597,
				4.15,
				-1.684,
				1,
				4.283,
				0.082,
				4.417,
				0,
				4.55,
				0,
				1,
				5.278,
				0,
				6.006,
				0,
				6.733,
				0
			]
		},
		{
			"Target": "Parameter",
			"Id": "Param41",
			"Segments": [
				0,
				0,
				1,
				0.211,
				0,
				0.422,
				0,
				0.633,
				0,
				1,
				0.761,
				0,
				0.889,
				0.939,
				1.017,
				1.539,
				1,
				1.117,
				2.009,
				1.217,
				2,
				1.317,
				2,
				1,
				2.128,
				2,
				2.939,
				2,
				3.75,
				2,
				1,
				4.1,
				2,
				4.45,
				0,
				4.8,
				0,
				1,
				5.444,
				0,
				6.089,
				0,
				6.733,
				0
			]
		},
		{
			"Target": "Parameter",
			"Id": "Param56",
			"Segments": [
				0,
				0,
				1,
				0.239,
				0,
				0.478,
				0,
				0.717,
				0,
				1,
				0.928,
				0,
				1.139,
				3,
				1.35,
				3,
				1,
				1.961,
				3,
				2.572,
				3,
				3.183,
				3,
				1,
				3.333,
				3,
				3.483,
				-2,
				3.633,
				-2,
				1,
				3.8,
				-2,
				3.967,
				2.087,
				4.133,
				2.087,
				1,
				4.306,
				2.087,
				4.478,
				0,
				4.65,
				0,
				1,
				5.344,
				0,
				6.039,
				0,
				6.733,
				0
			]
		},
		{
			"Target": "Parameter",
			"Id": "Param57",
			"Segments": [
				0,
				0,
				1,
				0.278,
				0,
				0.556,
				0,
				0.833,
				0,
				1,
				1.05,
				0,
				1.267,
				2,
				1.483,
				2,
				1,
				2.067,
				2,
				2.65,
				2,
				3.233,
				2,
				1,
				3.383,
				2,
				3.533,
				-3.105,
				3.683,
				-3.105,
				1,
				3.822,
				-3.105,
				3.961,
				8,
				4.1,
				8,
				1,
				4.194,
				8,
				4.289,
				4.258,
				4.383,
				2.094,
				1,
				4.472,
				0.058,
				4.561,
				0,
				4.65,
				0,
				1,
				5.344,
				0,
				6.039,
				0,
				6.733,
				0
			]
		},
		{
			"Target": "Parameter",
			"Id": "Param2",
			"Segments": [
				0,
				0,
				1,
				2.244,
				0,
				4.489,
				0,
				6.733,
				0
			]
		},
		{
			"Target": "Parameter",
			"Id": "Param3",
			"Segments": [
				0,
				0,
				1,
				2.244,
				0,
				4.489,
				0,
				6.733,
				0
			]
		},
		{
			"Target": "Parameter",
			"Id": "Param4",
			"Segments": [
				0,
				0,
				1,
				2.244,
				0,
				4.489,
				0,
				6.733,
				0
			]
		}
	]
}