{
	"Version": 3,
	"Meta": {
		"Duration": 7.983,
		"Fps": 60.0,
		"FadeInTime": 1.0,
		"FadeOutTime": 1.0,
		"Loop": true,
		"AreBeziersRestricted": false,
		"CurveCount": 50,
		"TotalSegmentCount": 105,
		"TotalPointCount": 363,
		"UserDataCount": 0,
		"TotalUserDataSize": 0
	},
	"Curves": [
		{
			"Target": "Parameter",
			"Id": "ParamAngleX",
			"Segments": [
				0,
				0,
				1,
				0.622,
				0,
				1.244,
				-1.683,
				1.867,
				-1.683,
				1,
				2.561,
				-1.683,
				3.256,
				2,
				3.95,
				2,
				1,
				4.667,
				2,
				5.383,
				-1,
				6.1,
				-1,
				1,
				6.728,
				-1,
				7.356,
				0,
				7.983,
				0
			]
		},
		{
			"Target": "Parameter",
			"Id": "ParamAngleY",
			"Segments": [
				0,
				0,
				1,
				0.617,
				0,
				1.233,
				5,
				1.85,
				5,
				1,
				2.533,
				5,
				3.217,
				-2,
				3.9,
				-2,
				1,
				4.572,
				-2,
				5.244,
				1.931,
				5.917,
				1.931,
				1,
				6.606,
				1.931,
				7.294,
				0,
				7.983,
				0
			]
		},
		{
			"Target": "Parameter",
			"Id": "ParamAngleZ",
			"Segments": [
				0,
				0,
				1,
				0.65,
				0,
				1.3,
				4,
				1.95,
				4,
				1,
				2.7,
				4,
				3.45,
				-0.994,
				4.2,
				-0.994,
				1,
				4.928,
				-0.994,
				5.656,
				1.239,
				6.383,
				1.239,
				1,
				6.917,
				1.239,
				7.45,
				0,
				7.983,
				0
			]
		},
		{
			"Target": "Parameter",
			"Id": "Param",
			"Segments": [
				0,
				0,
				1,
				2.661,
				0,
				5.322,
				0,
				7.983,
				0
			]
		},
		{
			"Target": "Parameter",
			"Id": "ParamEyeLOpen",
			"Segments": [
				0,
				1,
				1,
				0.389,
				1,
				0.778,
				1,
				1.167,
				1,
				1,
				1.211,
				1,
				1.256,
				0,
				1.3,
				0,
				1,
				1.322,
				0,
				1.344,
				0,
				1.367,
				0,
				1,
				1.422,
				0,
				1.478,
				1,
				1.533,
				1,
				1,
				2.656,
				1,
				3.778,
				1,
				4.9,
				1,
				1,
				4.944,
				1,
				4.989,
				0,
				5.033,
				0,
				1,
				5.056,
				0,
				5.078,
				0,
				5.1,
				0,
				1,
				5.156,
				0,
				5.211,
				1,
				5.267,
				1,
				1,
				6.172,
				1,
				7.078,
				1,
				7.983,
				1
			]
		},
		{
			"Target": "Parameter",
			"Id": "ParamEyeLSmile",
			"Segments": [
				0,
				0,
				1,
				2.661,
				0,
				5.322,
				0,
				7.983,
				0
			]
		},
		{
			"Target": "Parameter",
			"Id": "ParamEyeROpen",
			"Segments": [
				0,
				1,
				0,
				1.167,
				1,
				1,
				1.211,
				1,
				1.256,
				0,
				1.3,
				0,
				1,
				1.322,
				0,
				1.344,
				0,
				1.367,
				0,
				1,
				1.422,
				0,
				1.478,
				1,
				1.533,
				1,
				1,
				2.656,
				1,
				3.778,
				1,
				4.9,
				1,
				1,
				4.944,
				1,
				4.989,
				0,
				5.033,
				0,
				1,
				5.056,
				0,
				5.078,
				0,
				5.1,
				0,
				1,
				5.156,
				0,
				5.211,
				1,
				5.267,
				1,
				1,
				6.172,
				1,
				7.078,
				1,
				7.983,
				1
			]
		},
		{
			"Target": "Parameter",
			"Id": "ParamEyeRSmile",
			"Segments": [
				0,
				0,
				1,
				2.661,
				0,
				5.322,
				0,
				7.983,
				0
			]
		},
		{
			"Target": "Parameter",
			"Id": "ParamEyeBallX",
			"Segments": [
				0,
				0,
				1,
				2.661,
				0,
				5.322,
				0,
				7.983,
				0
			]
		},
		{
			"Target": "Parameter",
			"Id": "ParamEyeBallY",
			"Segments": [
				0,
				0,
				1,
				2.661,
				0,
				5.322,
				0,
				7.983,
				0
			]
		},
		{
			"Target": "Parameter",
			"Id": "Param42",
			"Segments": [
				0,
				0,
				1,
				2.661,
				0,
				5.322,
				0,
				7.983,
				0
			]
		},
		{
			"Target": "Parameter",
			"Id": "Param45",
			"Segments": [
				0,
				0,
				1,
				2.661,
				0,
				5.322,
				0,
				7.983,
				0
			]
		},
		{
			"Target": "Parameter",
			"Id": "ParamBrowLY",
			"Segments": [
				0,
				0,
				1,
				2.661,
				0,
				5.322,
				0,
				7.983,
				0
			]
		},
		{
			"Target": "Parameter",
			"Id": "ParamBrowRY",
			"Segments": [
				0,
				0,
				1,
				2.661,
				0,
				5.322,
				0,
				7.983,
				0
			]
		},
		{
			"Target": "Parameter",
			"Id": "ParamBrowLX",
			"Segments": [
				0,
				0,
				1,
				2.661,
				0,
				5.322,
				0,
				7.983,
				0
			]
		},
		{
			"Target": "Parameter",
			"Id": "ParamBrowRX",
			"Segments": [
				0,
				0,
				1,
				2.661,
				0,
				5.322,
				0,
				7.983,
				0
			]
		},
		{
			"Target": "Parameter",
			"Id": "ParamBrowLAngle",
			"Segments": [
				0,
				0,
				1,
				2.661,
				0,
				5.322,
				0,
				7.983,
				0
			]
		},
		{
			"Target": "Parameter",
			"Id": "ParamBrowRAngle",
			"Segments": [
				0,
				0,
				1,
				2.661,
				0,
				5.322,
				0,
				7.983,
				0
			]
		},
		{
			"Target": "Parameter",
			"Id": "ParamBrowLForm",
			"Segments": [
				0,
				0,
				1,
				2.661,
				0,
				5.322,
				0,
				7.983,
				0
			]
		},
		{
			"Target": "Parameter",
			"Id": "ParamBrowRForm",
			"Segments": [
				0,
				0,
				1,
				2.661,
				0,
				5.322,
				0,
				7.983,
				0
			]
		},
		{
			"Target": "Parameter",
			"Id": "ParamMouthForm",
			"Segments": [
				0,
				0,
				1,
				2.661,
				0,
				5.322,
				0,
				7.983,
				0
			]
		},
		{
			"Target": "Parameter",
			"Id": "ParamMouthOpenY",
			"Segments": [
				0,
				0,
				1,
				2.661,
				0,
				5.322,
				0,
				7.983,
				0
			]
		},
		{
			"Target": "Parameter",
			"Id": "Param47",
			"Segments": [
				0,
				0,
				1,
				2.661,
				0,
				5.322,
				0,
				7.983,
				0
			]
		},
		{
			"Target": "Parameter",
			"Id": "Param46",
			"Segments": [
				0,
				2,
				1,
				2.661,
				2,
				5.322,
				2,
				7.983,
				2
			]
		},
		{
			"Target": "Parameter",
			"Id": "ParamBodyAngleX",
			"Segments": [
				0,
				0,
				1,
				0.594,
				0,
				1.189,
				-1,
				1.783,
				-1,
				1,
				2.489,
				-1,
				3.194,
				0.496,
				3.9,
				0.496,
				1,
				4.611,
				0.496,
				5.322,
				-0.502,
				6.033,
				-0.502,
				1,
				6.683,
				-0.502,
				7.333,
				0,
				7.983,
				0
			]
		},
		{
			"Target": "Parameter",
			"Id": "ParamBodyAngleY",
			"Segments": [
				0,
				0,
				1,
				0.561,
				0,
				1.122,
				3,
				1.683,
				3,
				1,
				2.378,
				3,
				3.072,
				-2,
				3.767,
				-2,
				1,
				4.472,
				-2,
				5.178,
				2.113,
				5.883,
				2.113,
				1,
				6.583,
				2.113,
				7.283,
				0,
				7.983,
				0
			]
		},
		{
			"Target": "Parameter",
			"Id": "ParamBodyAngleZ",
			"Segments": [
				0,
				0,
				1,
				0.639,
				0,
				1.278,
				2,
				1.917,
				2,
				1,
				2.728,
				2,
				3.539,
				-1,
				4.35,
				-1,
				1,
				5.05,
				-1,
				5.75,
				0.484,
				6.45,
				0.484,
				1,
				6.961,
				0.484,
				7.472,
				0,
				7.983,
				0
			]
		},
		{
			"Target": "Parameter",
			"Id": "Param49",
			"Segments": [
				0,
				0,
				1,
				2.661,
				0,
				5.322,
				0,
				7.983,
				0
			]
		},
		{
			"Target": "Parameter",
			"Id": "Param48",
			"Segments": [
				0,
				0,
				1,
				2.661,
				0,
				5.322,
				0,
				7.983,
				0
			]
		},
		{
			"Target": "Parameter",
			"Id": "Param37",
			"Segments": [
				0,
				0,
				1,
				2.661,
				0,
				5.322,
				0,
				7.983,
				0
			]
		},
		{
			"Target": "Parameter",
			"Id": "ParamBreath",
			"Segments": [
				0,
				0,
				1,
				0.622,
				0,
				1.244,
				1,
				1.867,
				1,
				1,
				1.95,
				1,
				2.033,
				1,
				2.117,
				1,
				1,
				2.744,
				1,
				3.372,
				0,
				4,
				0,
				1,
				4.622,
				0,
				5.244,
				1,
				5.867,
				1,
				1,
				5.95,
				1,
				6.033,
				1,
				6.117,
				1,
				1,
				6.739,
				1,
				7.361,
				0,
				7.983,
				0
			]
		},
		{
			"Target": "Parameter",
			"Id": "Param34",
			"Segments": [
				0,
				0,
				1,
				2.661,
				0,
				5.322,
				0,
				7.983,
				0
			]
		},
		{
			"Target": "Parameter",
			"Id": "Param33",
			"Segments": [
				0,
				0,
				1,
				2.661,
				0,
				5.322,
				0,
				7.983,
				0
			]
		},
		{
			"Target": "Parameter",
			"Id": "Param35",
			"Segments": [
				0,
				0,
				1,
				0.594,
				0,
				1.189,
				2.9,
				1.783,
				2.9,
				1,
				2.472,
				2.9,
				3.161,
				-0.666,
				3.85,
				-0.666,
				1,
				4.55,
				-0.666,
				5.25,
				2.077,
				5.95,
				2.077,
				1,
				6.628,
				2.077,
				7.306,
				0,
				7.983,
				0
			]
		},
		{
			"Target": "Parameter",
			"Id": "Param50",
			"Segments": [
				0,
				0,
				1,
				2.661,
				0,
				5.322,
				0,
				7.983,
				0
			]
		},
		{
			"Target": "Parameter",
			"Id": "Param36",
			"Segments": [
				0,
				0,
				1,
				0.789,
				0,
				1.578,
				2.801,
				2.367,
				2.801,
				1,
				3.133,
				2.801,
				3.9,
				-2.319,
				4.667,
				-2.319,
				1,
				5.389,
				-2.319,
				6.111,
				0.899,
				6.833,
				0.899,
				1,
				7.217,
				0.899,
				7.6,
				0,
				7.983,
				0
			]
		},
		{
			"Target": "Parameter",
			"Id": "Param52",
			"Segments": [
				0,
				0,
				1,
				2.661,
				0,
				5.322,
				0,
				7.983,
				0
			]
		},
		{
			"Target": "Parameter",
			"Id": "Param38",
			"Segments": [
				0,
				0,
				1,
				0.95,
				0,
				1.9,
				2.559,
				2.85,
				2.559,
				1,
				3.806,
				2.559,
				4.761,
				-2.254,
				5.717,
				-2.254,
				1,
				6.472,
				-2.254,
				7.228,
				0,
				7.983,
				0
			]
		},
		{
			"Target": "Parameter",
			"Id": "Param55",
			"Segments": [
				0,
				0,
				1,
				2.661,
				0,
				5.322,
				0,
				7.983,
				0
			]
		},
		{
			"Target": "Parameter",
			"Id": "Param54",
			"Segments": [
				0,
				0,
				1,
				2.661,
				0,
				5.322,
				0,
				7.983,
				0
			]
		},
		{
			"Target": "Parameter",
			"Id": "Param39",
			"Segments": [
				0,
				0,
				1,
				0.594,
				0,
				1.189,
				2.9,
				1.783,
				2.9,
				1,
				2.472,
				2.9,
				3.161,
				-0.666,
				3.85,
				-0.666,
				1,
				4.55,
				-0.666,
				5.25,
				2.077,
				5.95,
				2.077,
				1,
				6.628,
				2.077,
				7.306,
				0,
				7.983,
				0
			]
		},
		{
			"Target": "Parameter",
			"Id": "Param51",
			"Segments": [
				0,
				0,
				1,
				2.661,
				0,
				5.322,
				0,
				7.983,
				0
			]
		},
		{
			"Target": "Parameter",
			"Id": "Param40",
			"Segments": [
				0,
				0,
				1,
				0.789,
				0,
				1.578,
				2.801,
				2.367,
				2.801,
				1,
				3.133,
				2.801,
				3.9,
				-2.319,
				4.667,
				-2.319,
				1,
				5.389,
				-2.319,
				6.111,
				0.899,
				6.833,
				0.899,
				1,
				7.217,
				0.899,
				7.6,
				0,
				7.983,
				0
			]
		},
		{
			"Target": "Parameter",
			"Id": "Param53",
			"Segments": [
				0,
				0,
				1,
				2.661,
				0,
				5.322,
				0,
				7.983,
				0
			]
		},
		{
			"Target": "Parameter",
			"Id": "Param41",
			"Segments": [
				0,
				0,
				1,
				0.95,
				0,
				1.9,
				2.559,
				2.85,
				2.559,
				1,
				3.806,
				2.559,
				4.761,
				-2.254,
				5.717,
				-2.254,
				1,
				6.472,
				-2.254,
				7.228,
				0,
				7.983,
				0
			]
		},
		{
			"Target": "Parameter",
			"Id": "Param56",
			"Segments": [
				0,
				0,
				1,
				2.661,
				0,
				5.322,
				0,
				7.983,
				0
			]
		},
		{
			"Target": "Parameter",
			"Id": "Param57",
			"Segments": [
				0,
				0,
				1,
				2.661,
				0,
				5.322,
				0,
				7.983,
				0
			]
		},
		{
			"Target": "Parameter",
			"Id": "Param2",
			"Segments": [
				0,
				0,
				1,
				2.661,
				0,
				5.322,
				0,
				7.983,
				0
			]
		},
		{
			"Target": "Parameter",
			"Id": "Param3",
			"Segments": [
				0,
				0,
				1,
				2.661,
				0,
				5.322,
				0,
				7.983,
				0
			]
		},
		{
			"Target": "Parameter",
			"Id": "Param4",
			"Segments": [
				0,
				0,
				1,
				2.661,
				0,
				5.322,
				0,
				7.983,
				0
			]
		}
	]
}